payment_id,subscription_id,user_id,paid_at,amount,currency,payment_method,status,billing_period_start,billing_period_end
P000001,S00001,U0098,2024-10-23 08:00:00,9.99,USD,bank_transfer,success,2024-10-23,2024-11-21
P000002,S00001,U0098,2024-11-22 22:00:00,9.99,USD,bank_transfer,success,2024-11-22,2024-12-21
P000003,S00001,U0098,2024-12-22 00:00:00,9.99,USD,bank_transfer,success,2024-12-22,2025-01-20
P000004,S00001,U0098,2025-01-21 05:00:00,9.99,USD,bank_transfer,success,2025-01-21,2025-02-19
P000005,S00001,U0098,2025-02-20 06:00:00,9.99,USD,bank_transfer,success,2025-02-20,2025-03-21
P000006,S00001,U0098,2025-03-22 20:00:00,9.99,USD,bank_transfer,success,2025-03-22,2025-04-20
P000007,S00001,U0098,2025-04-21 06:00:00,9.99,USD,bank_transfer,success,2025-04-21,2025-05-20
P000008,S00001,U0098,2025-05-21 13:00:00,9.99,USD,bank_transfer,success,2025-05-21,2025-06-19
P000009,S00001,U0098,2025-06-20 21:00:00,9.99,USD,bank_transfer,success,2025-06-20,2025-07-19
P000010,S00001,U0098,2025-07-20 04:00:00,9.99,USD,bank_transfer,success,2025-07-20,2025-08-18
P000011,S00001,U0098,2025-08-19 19:00:00,9.99,USD,bank_transfer,success,2025-08-19,2025-09-17
P000012,S00001,U0098,2025-09-18 07:00:00,9.99,USD,bank_transfer,success,2025-09-18,2025-10-17
P000013,S00001,U0098,2025-10-18 09:00:00,9.99,USD,bank_transfer,success,2025-10-18,2025-11-16
P000014,S00002,U0093,2024-06-14 22:00:00,9.99,USD,credit_card,success,2024-06-14,2024-07-13
P000015,S00002,U0093,2024-07-14 13:00:00,9.99,USD,credit_card,success,2024-07-14,2024-08-12
P000016,S00002,U0093,2024-08-13 11:00:00,9.99,USD,credit_card,success,2024-08-13,2024-09-11
P000017,S00002,U0093,2024-09-12 06:00:00,9.99,USD,credit_card,success,2024-09-12,2024-10-11
P000018,S00002,U0093,2024-10-12 21:00:00,9.99,USD,credit_card,success,2024-10-12,2024-11-10
P000019,S00002,U0093,2024-11-11 19:00:00,9.99,USD,credit_card,success,2024-11-11,2024-12-10
P000020,S00002,U0093,2024-12-11 03:00:00,9.99,USD,credit_card,success,2024-12-11,2025-01-09
P000021,S00002,U0093,2025-01-10 21:00:00,9.99,USD,credit_card,success,2025-01-10,2025-02-08
P000022,S00002,U0093,2025-02-09 11:00:00,9.99,USD,credit_card,refunded,2025-02-09,2025-03-10
P000023,S00002,U0093,2025-03-11 19:00:00,9.99,USD,credit_card,success,2025-03-11,2025-04-09
P000024,S00002,U0093,2025-04-10 09:00:00,9.99,USD,credit_card,success,2025-04-10,2025-05-09
P000025,S00002,U0093,2025-05-10 15:00:00,9.99,USD,credit_card,success,2025-05-10,2025-06-08
P000026,S00002,U0093,2025-06-09 08:00:00,9.99,USD,credit_card,success,2025-06-09,2025-07-08
P000027,S00002,U0093,2025-07-09 08:00:00,9.99,USD,credit_card,success,2025-07-09,2025-08-07
P000028,S00002,U0093,2025-08-08 22:00:00,9.99,USD,credit_card,success,2025-08-08,2025-09-06
P000029,S00002,U0093,2025-09-07 20:00:00,9.99,USD,credit_card,failed,2025-09-07,2025-10-06
P000030,S00003,U0195,2024-11-20 04:00:00,19.99,USD,bank_transfer,success,2024-11-20,2024-12-19
P000031,S00003,U0195,2024-12-20 07:00:00,19.99,USD,bank_transfer,success,2024-12-20,2025-01-18
P000032,S00003,U0195,2025-01-19 19:00:00,19.99,USD,bank_transfer,success,2025-01-19,2025-02-17
P000033,S00003,U0195,2025-02-18 10:00:00,19.99,USD,bank_transfer,success,2025-02-18,2025-03-19
P000034,S00003,U0195,2025-03-20 23:00:00,19.99,USD,bank_transfer,success,2025-03-20,2025-04-18
P000035,S00003,U0195,2025-04-19 15:00:00,19.99,USD,bank_transfer,success,2025-04-19,2025-05-18
P000036,S00003,U0195,2025-05-19 08:00:00,19.99,USD,bank_transfer,refunded,2025-05-19,2025-06-17
P000037,S00005,U0142,2024-12-11 12:00:00,19.99,USD,bank_transfer,failed,2024-12-11,2025-01-09
P000038,S00005,U0142,2025-01-10 01:00:00,19.99,USD,bank_transfer,success,2025-01-10,2025-02-08
P000039,S00005,U0142,2025-02-09 18:00:00,19.99,USD,bank_transfer,success,2025-02-09,2025-03-10
P000040,S00005,U0142,2025-03-11 10:00:00,19.99,USD,bank_transfer,success,2025-03-11,2025-04-09
P000041,S00005,U0142,2025-04-10 07:00:00,19.99,USD,bank_transfer,success,2025-04-10,2025-05-09
P000042,S00005,U0142,2025-05-10 20:00:00,19.99,USD,bank_transfer,success,2025-05-10,2025-06-08
P000043,S00005,U0142,2025-06-09 21:00:00,19.99,USD,bank_transfer,success,2025-06-09,2025-07-08
P000044,S00005,U0142,2025-07-09 09:00:00,19.99,USD,bank_transfer,success,2025-07-09,2025-08-07
P000045,S00005,U0142,2025-08-08 21:00:00,19.99,USD,bank_transfer,success,2025-08-08,2025-09-06
P000046,S00005,U0142,2025-09-07 05:00:00,19.99,USD,bank_transfer,success,2025-09-07,2025-10-06
P000047,S00005,U0142,2025-10-07 15:00:00,19.99,USD,bank_transfer,success,2025-10-07,2025-11-05
P000048,S00005,U0142,2025-11-06 08:00:00,19.99,USD,bank_transfer,success,2025-11-06,2025-12-05
P000049,S00005,U0142,2025-12-06 17:00:00,19.99,USD,bank_transfer,success,2025-12-06,2026-01-04
P000050,S00005,U0142,2026-01-05 05:00:00,19.99,USD,bank_transfer,success,2026-01-05,2026-02-03
P000051,S00005,U0142,2026-02-04 10:00:00,19.99,USD,bank_transfer,failed,2026-02-04,2026-03-05
P000052,S00006,U0051,2024-10-28 07:00:00,9.99,USD,paypal,success,2024-10-28,2024-11-26
P000053,S00006,U0051,2024-11-27 23:00:00,9.99,USD,paypal,success,2024-11-27,2024-12-26
P000054,S00006,U0051,2024-12-27 13:00:00,9.99,USD,paypal,success,2024-12-27,2025-01-25
P000055,S00006,U0051,2025-01-26 10:00:00,9.99,USD,paypal,success,2025-01-26,2025-02-24
P000056,S00006,U0051,2025-02-25 18:00:00,9.99,USD,paypal,success,2025-02-25,2025-03-26
P000057,S00006,U0051,2025-03-27 03:00:00,9.99,USD,paypal,success,2025-03-27,2025-04-25
P000058,S00006,U0051,2025-04-26 20:00:00,9.99,USD,paypal,success,2025-04-26,2025-05-25
P000059,S00006,U0051,2025-05-26 19:00:00,9.99,USD,paypal,success,2025-05-26,2025-06-24
P000060,S00006,U0051,2025-06-25 06:00:00,9.99,USD,paypal,success,2025-06-25,2025-07-24
P000061,S00006,U0051,2025-07-25 21:00:00,9.99,USD,paypal,success,2025-07-25,2025-08-23
P000062,S00006,U0051,2025-08-24 09:00:00,9.99,USD,paypal,success,2025-08-24,2025-09-22
P000063,S00006,U0051,2025-09-23 04:00:00,9.99,USD,paypal,success,2025-09-23,2025-10-22
P000064,S00006,U0051,2025-10-23 06:00:00,9.99,USD,paypal,success,2025-10-23,2025-11-21
P000065,S00006,U0051,2025-11-22 18:00:00,9.99,USD,paypal,success,2025-11-22,2025-12-21
P000066,S00006,U0051,2025-12-22 14:00:00,9.99,USD,paypal,success,2025-12-22,2026-01-20
P000067,S00006,U0051,2026-01-21 22:00:00,9.99,USD,paypal,success,2026-01-21,2026-02-19
P000068,S00006,U0051,2026-02-20 02:00:00,9.99,USD,paypal,success,2026-02-20,2026-03-21
P000069,S00006,U0051,2026-03-22 20:00:00,9.99,USD,paypal,success,2026-03-22,2026-04-20
P000070,S00006,U0051,2026-04-21 10:00:00,9.99,USD,paypal,refunded,2026-04-21,2026-05-20
P000071,S00006,U0051,2026-05-21 00:00:00,9.99,USD,paypal,success,2026-05-21,2026-06-19
P000072,S00007,U0141,2024-07-10 06:00:00,19.99,USD,bank_transfer,success,2024-07-10,2024-08-08
P000073,S00007,U0141,2024-08-09 05:00:00,19.99,USD,bank_transfer,success,2024-08-09,2024-09-07
P000074,S00007,U0141,2024-09-08 05:00:00,19.99,USD,bank_transfer,success,2024-09-08,2024-10-07
P000075,S00007,U0141,2024-10-08 02:00:00,19.99,USD,bank_transfer,success,2024-10-08,2024-11-06
P000076,S00007,U0141,2024-11-07 13:00:00,19.99,USD,bank_transfer,success,2024-11-07,2024-12-06
P000077,S00007,U0141,2024-12-07 12:00:00,19.99,USD,bank_transfer,success,2024-12-07,2025-01-05
P000078,S00007,U0141,2025-01-06 15:00:00,19.99,USD,bank_transfer,success,2025-01-06,2025-02-04
P000079,S00007,U0141,2025-02-05 01:00:00,19.99,USD,bank_transfer,success,2025-02-05,2025-03-06
P000080,S00007,U0141,2025-03-07 23:00:00,19.99,USD,bank_transfer,success,2025-03-07,2025-04-05
P000081,S00007,U0141,2025-04-06 00:00:00,19.99,USD,bank_transfer,success,2025-04-06,2025-05-05
P000082,S00007,U0141,2025-05-06 16:00:00,19.99,USD,bank_transfer,success,2025-05-06,2025-06-04
P000083,S00007,U0141,2025-06-05 21:00:00,19.99,USD,bank_transfer,success,2025-06-05,2025-07-04
P000084,S00008,U0186,2024-12-16 23:00:00,9.99,USD,paypal,success,2024-12-16,2025-01-14
P000085,S00008,U0186,2025-01-15 22:00:00,9.99,USD,paypal,success,2025-01-15,2025-02-13
P000086,S00008,U0186,2025-02-14 09:00:00,9.99,USD,paypal,success,2025-02-14,2025-03-15
P000087,S00008,U0186,2025-03-16 12:00:00,9.99,USD,paypal,success,2025-03-16,2025-04-14
P000088,S00008,U0186,2025-04-15 09:00:00,9.99,USD,paypal,success,2025-04-15,2025-05-14
P000089,S00008,U0186,2025-05-15 01:00:00,9.99,USD,paypal,success,2025-05-15,2025-06-13
P000090,S00008,U0186,2025-06-14 09:00:00,9.99,USD,paypal,success,2025-06-14,2025-07-13
P000091,S00008,U0186,2025-07-14 16:00:00,9.99,USD,paypal,success,2025-07-14,2025-08-12
P000092,S00008,U0186,2025-08-13 10:00:00,9.99,USD,paypal,success,2025-08-13,2025-09-11
P000093,S00008,U0186,2025-09-12 21:00:00,9.99,USD,paypal,success,2025-09-12,2025-10-11
P000094,S00008,U0186,2025-10-12 10:00:00,9.99,USD,paypal,refunded,2025-10-12,2025-11-10
P000095,S00008,U0186,2025-11-11 15:00:00,9.99,USD,paypal,refunded,2025-11-11,2025-12-10
P000096,S00008,U0186,2025-12-11 06:00:00,9.99,USD,paypal,success,2025-12-11,2026-01-09
P000097,S00008,U0186,2026-01-10 12:00:00,9.99,USD,paypal,success,2026-01-10,2026-02-08
P000098,S00008,U0186,2026-02-09 07:00:00,9.99,USD,paypal,success,2026-02-09,2026-03-10
P000099,S00008,U0186,2026-03-11 04:00:00,9.99,USD,paypal,success,2026-03-11,2026-04-09
P000100,S00010,U0139,2022-06-30 00:00:00,19.99,USD,credit_card,success,2022-06-30,2022-07-29
P000101,S00010,U0139,2022-07-30 05:00:00,19.99,USD,credit_card,success,2022-07-30,2022-08-28
P000102,S00010,U0139,2022-08-29 22:00:00,19.99,USD,credit_card,success,2022-08-29,2022-09-27
P000103,S00010,U0139,2022-09-28 01:00:00,19.99,USD,credit_card,success,2022-09-28,2022-10-27
P000104,S00010,U0139,2022-10-28 20:00:00,19.99,USD,credit_card,success,2022-10-28,2022-11-26
P000105,S00010,U0139,2022-11-27 17:00:00,19.99,USD,credit_card,success,2022-11-27,2022-12-26
P000106,S00010,U0139,2022-12-27 19:00:00,19.99,USD,credit_card,success,2022-12-27,2023-01-25
P000107,S00010,U0139,2023-01-26 21:00:00,19.99,USD,credit_card,refunded,2023-01-26,2023-02-24
P000108,S00010,U0139,2023-02-25 00:00:00,19.99,USD,credit_card,success,2023-02-25,2023-03-26
P000109,S00010,U0139,2023-03-27 03:00:00,19.99,USD,credit_card,success,2023-03-27,2023-04-25
P000110,S00010,U0139,2023-04-26 12:00:00,19.99,USD,credit_card,success,2023-04-26,2023-05-25
P000111,S00010,U0139,2023-05-26 08:00:00,19.99,USD,credit_card,success,2023-05-26,2023-06-24
P000112,S00010,U0139,2023-06-25 04:00:00,19.99,USD,credit_card,success,2023-06-25,2023-07-24
P000113,S00010,U0139,2023-07-25 21:00:00,19.99,USD,credit_card,success,2023-07-25,2023-08-23
P000114,S00010,U0139,2023-08-24 09:00:00,19.99,USD,credit_card,success,2023-08-24,2023-09-22
P000115,S00010,U0139,2023-09-23 03:00:00,19.99,USD,credit_card,success,2023-09-23,2023-10-22
P000116,S00010,U0139,2023-10-23 08:00:00,19.99,USD,credit_card,success,2023-10-23,2023-11-21
P000117,S00010,U0139,2023-11-22 22:00:00,19.99,USD,credit_card,success,2023-11-22,2023-12-21
P000118,S00012,U0018,2024-09-20 03:00:00,19.99,USD,google_pay,success,2024-09-20,2024-10-19
P000119,S00012,U0018,2024-10-20 19:00:00,19.99,USD,google_pay,success,2024-10-20,2024-11-18
P000120,S00012,U0018,2024-11-19 03:00:00,19.99,USD,google_pay,success,2024-11-19,2024-12-18
P000121,S00012,U0018,2024-12-19 15:00:00,19.99,USD,google_pay,success,2024-12-19,2025-01-17
P000122,S00012,U0018,2025-01-18 06:00:00,19.99,USD,google_pay,success,2025-01-18,2025-02-16
P000123,S00012,U0018,2025-02-17 16:00:00,19.99,USD,google_pay,success,2025-02-17,2025-03-18
P000124,S00012,U0018,2025-03-19 11:00:00,19.99,USD,google_pay,refunded,2025-03-19,2025-04-17
P000125,S00012,U0018,2025-04-18 09:00:00,19.99,USD,google_pay,success,2025-04-18,2025-05-17
P000126,S00015,U0136,2023-12-18 17:00:00,19.99,USD,google_pay,success,2023-12-18,2024-01-16
P000127,S00015,U0136,2024-01-17 06:00:00,19.99,USD,google_pay,success,2024-01-17,2024-02-15
P000128,S00015,U0136,2024-02-16 15:00:00,19.99,USD,google_pay,success,2024-02-16,2024-03-16
P000129,S00015,U0136,2024-03-17 00:00:00,19.99,USD,google_pay,success,2024-03-17,2024-04-15
P000130,S00015,U0136,2024-04-16 02:00:00,19.99,USD,google_pay,success,2024-04-16,2024-05-15
P000131,S00015,U0136,2024-05-16 18:00:00,19.99,USD,google_pay,failed,2024-05-16,2024-06-14
P000132,S00015,U0136,2024-06-15 04:00:00,19.99,USD,google_pay,success,2024-06-15,2024-07-14
P000133,S00015,U0136,2024-07-15 16:00:00,19.99,USD,google_pay,failed,2024-07-15,2024-08-13
P000134,S00015,U0136,2024-08-14 23:00:00,19.99,USD,google_pay,success,2024-08-14,2024-09-12
P000135,S00015,U0136,2024-09-13 08:00:00,19.99,USD,google_pay,success,2024-09-13,2024-10-12
P000136,S00017,U0050,2022-02-12 14:00:00,9.99,USD,apple_pay,success,2022-02-12,2022-03-13
P000137,S00017,U0050,2022-03-14 09:00:00,9.99,USD,apple_pay,refunded,2022-03-14,2022-04-12
P000138,S00017,U0050,2022-04-13 01:00:00,9.99,USD,apple_pay,success,2022-04-13,2022-05-12
P000139,S00017,U0050,2022-05-13 05:00:00,9.99,USD,apple_pay,success,2022-05-13,2022-06-11
P000140,S00017,U0050,2022-06-12 09:00:00,9.99,USD,apple_pay,success,2022-06-12,2022-07-11
P000141,S00017,U0050,2022-07-12 21:00:00,9.99,USD,apple_pay,success,2022-07-12,2022-08-10
P000142,S00017,U0050,2022-08-11 23:00:00,9.99,USD,apple_pay,success,2022-08-11,2022-09-09
P000143,S00017,U0050,2022-09-10 01:00:00,9.99,USD,apple_pay,success,2022-09-10,2022-10-09
P000144,S00017,U0050,2022-10-10 04:00:00,9.99,USD,apple_pay,success,2022-10-10,2022-11-08
P000145,S00017,U0050,2022-11-09 05:00:00,9.99,USD,apple_pay,success,2022-11-09,2022-12-08
P000146,S00017,U0050,2022-12-09 14:00:00,9.99,USD,apple_pay,success,2022-12-09,2023-01-07
P000147,S00017,U0050,2023-01-08 08:00:00,9.99,USD,apple_pay,failed,2023-01-08,2023-02-06
P000148,S00017,U0050,2023-02-07 02:00:00,9.99,USD,apple_pay,success,2023-02-07,2023-03-08
P000149,S00018,U0096,2024-08-20 10:00:00,19.99,USD,paypal,success,2024-08-20,2024-09-18
P000150,S00018,U0096,2024-09-19 12:00:00,19.99,USD,paypal,success,2024-09-19,2024-10-18
P000151,S00018,U0096,2024-10-19 14:00:00,19.99,USD,paypal,success,2024-10-19,2024-11-17
P000152,S00018,U0096,2024-11-18 12:00:00,19.99,USD,paypal,success,2024-11-18,2024-12-17
P000153,S00018,U0096,2024-12-18 15:00:00,19.99,USD,paypal,success,2024-12-18,2025-01-16
P000154,S00018,U0096,2025-01-17 20:00:00,19.99,USD,paypal,success,2025-01-17,2025-02-15
P000155,S00018,U0096,2025-02-16 05:00:00,19.99,USD,paypal,success,2025-02-16,2025-03-17
P000156,S00018,U0096,2025-03-18 22:00:00,19.99,USD,paypal,success,2025-03-18,2025-04-16
P000157,S00018,U0096,2025-04-17 05:00:00,19.99,USD,paypal,success,2025-04-17,2025-05-16
P000158,S00018,U0096,2025-05-17 18:00:00,19.99,USD,paypal,success,2025-05-17,2025-06-15
P000159,S00018,U0096,2025-06-16 18:00:00,19.99,USD,paypal,success,2025-06-16,2025-07-15
P000160,S00018,U0096,2025-07-16 05:00:00,19.99,USD,paypal,success,2025-07-16,2025-08-14
P000161,S00018,U0096,2025-08-15 11:00:00,19.99,USD,paypal,success,2025-08-15,2025-09-13
P000162,S00018,U0096,2025-09-14 21:00:00,19.99,USD,paypal,success,2025-09-14,2025-10-13
P000163,S00018,U0096,2025-10-14 23:00:00,19.99,USD,paypal,success,2025-10-14,2025-11-12
P000164,S00018,U0096,2025-11-13 04:00:00,19.99,USD,paypal,refunded,2025-11-13,2025-12-12
P000165,S00018,U0096,2025-12-13 15:00:00,19.99,USD,paypal,success,2025-12-13,2026-01-11
P000166,S00018,U0096,2026-01-12 13:00:00,19.99,USD,paypal,success,2026-01-12,2026-02-10
P000167,S00018,U0096,2026-02-11 02:00:00,19.99,USD,paypal,success,2026-02-11,2026-03-12
P000168,S00018,U0096,2026-03-13 10:00:00,19.99,USD,paypal,success,2026-03-13,2026-04-11
P000169,S00019,U0077,2022-04-10 21:00:00,19.99,USD,credit_card,success,2022-04-10,2022-05-09
P000170,S00019,U0077,2022-05-10 23:00:00,19.99,USD,credit_card,success,2022-05-10,2022-06-08
P000171,S00019,U0077,2022-06-09 18:00:00,19.99,USD,credit_card,success,2022-06-09,2022-07-08
P000172,S00019,U0077,2022-07-09 21:00:00,19.99,USD,credit_card,success,2022-07-09,2022-08-07
P000173,S00019,U0077,2022-08-08 16:00:00,19.99,USD,credit_card,success,2022-08-08,2022-09-06
P000174,S00019,U0077,2022-09-07 22:00:00,19.99,USD,credit_card,success,2022-09-07,2022-10-06
P000175,S00019,U0077,2022-10-07 13:00:00,19.99,USD,credit_card,success,2022-10-07,2022-11-05
P000176,S00019,U0077,2022-11-06 07:00:00,19.99,USD,credit_card,success,2022-11-06,2022-12-05
P000177,S00019,U0077,2022-12-06 21:00:00,19.99,USD,credit_card,success,2022-12-06,2023-01-04
P000178,S00019,U0077,2023-01-05 12:00:00,19.99,USD,credit_card,success,2023-01-05,2023-02-03
P000179,S00019,U0077,2023-02-04 17:00:00,19.99,USD,credit_card,success,2023-02-04,2023-03-05
P000180,S00019,U0077,2023-03-06 19:00:00,19.99,USD,credit_card,success,2023-03-06,2023-04-04
P000181,S00019,U0077,2023-04-05 20:00:00,19.99,USD,credit_card,success,2023-04-05,2023-05-04
P000182,S00019,U0077,2023-05-05 16:00:00,19.99,USD,credit_card,failed,2023-05-05,2023-06-03
P000183,S00019,U0077,2023-06-04 15:00:00,19.99,USD,credit_card,success,2023-06-04,2023-07-03
P000184,S00019,U0077,2023-07-04 02:00:00,19.99,USD,credit_card,success,2023-07-04,2023-08-02
P000185,S00019,U0077,2023-08-03 10:00:00,19.99,USD,credit_card,success,2023-08-03,2023-09-01
P000186,S00019,U0077,2023-09-02 08:00:00,19.99,USD,credit_card,success,2023-09-02,2023-10-01
P000187,S00019,U0077,2023-10-02 07:00:00,19.99,USD,credit_card,success,2023-10-02,2023-10-31
P000188,S00019,U0077,2023-11-01 12:00:00,19.99,USD,credit_card,success,2023-11-01,2023-11-30
P000189,S00019,U0077,2023-12-01 07:00:00,19.99,USD,credit_card,success,2023-12-01,2023-12-30
P000190,S00019,U0077,2023-12-31 14:00:00,19.99,USD,credit_card,success,2023-12-31,2024-01-29
P000191,S00019,U0077,2024-01-30 14:00:00,19.99,USD,credit_card,success,2024-01-30,2024-02-28
P000192,S00020,U0098,2024-04-29 15:00:00,9.99,USD,paypal,success,2024-04-29,2024-05-28
P000193,S00020,U0098,2024-05-29 03:00:00,9.99,USD,paypal,success,2024-05-29,2024-06-27
P000194,S00021,U0128,2025-01-01 23:00:00,19.99,USD,google_pay,refunded,2025-01-01,2025-01-30
P000195,S00021,U0128,2025-01-31 03:00:00,19.99,USD,google_pay,success,2025-01-31,2025-03-01
P000196,S00021,U0128,2025-03-02 01:00:00,19.99,USD,google_pay,success,2025-03-02,2025-03-31
P000197,S00021,U0128,2025-04-01 00:00:00,19.99,USD,google_pay,success,2025-04-01,2025-04-30
P000198,S00021,U0128,2025-05-01 19:00:00,19.99,USD,google_pay,success,2025-05-01,2025-05-30
P000199,S00021,U0128,2025-05-31 20:00:00,19.99,USD,google_pay,refunded,2025-05-31,2025-06-29
P000200,S00021,U0128,2025-06-30 16:00:00,19.99,USD,google_pay,success,2025-06-30,2025-07-29
P000201,S00021,U0128,2025-07-30 20:00:00,19.99,USD,google_pay,success,2025-07-30,2025-08-28
P000202,S00021,U0128,2025-08-29 10:00:00,19.99,USD,google_pay,success,2025-08-29,2025-09-27
P000203,S00021,U0128,2025-09-28 01:00:00,19.99,USD,google_pay,success,2025-09-28,2025-10-27
P000204,S00021,U0128,2025-10-28 14:00:00,19.99,USD,google_pay,success,2025-10-28,2025-11-26
P000205,S00021,U0128,2025-11-27 19:00:00,19.99,USD,google_pay,success,2025-11-27,2025-12-26
P000206,S00022,U0136,2022-03-31 22:00:00,19.99,USD,apple_pay,success,2022-03-31,2022-04-29
P000207,S00022,U0136,2022-04-30 22:00:00,19.99,USD,apple_pay,success,2022-04-30,2022-05-29
P000208,S00022,U0136,2022-05-30 03:00:00,19.99,USD,apple_pay,success,2022-05-30,2022-06-28
P000209,S00022,U0136,2022-06-29 07:00:00,19.99,USD,apple_pay,success,2022-06-29,2022-07-28
P000210,S00022,U0136,2022-07-29 11:00:00,19.99,USD,apple_pay,success,2022-07-29,2022-08-27
P000211,S00022,U0136,2022-08-28 09:00:00,19.99,USD,apple_pay,success,2022-08-28,2022-09-26
P000212,S00022,U0136,2022-09-27 11:00:00,19.99,USD,apple_pay,success,2022-09-27,2022-10-26
P000213,S00022,U0136,2022-10-27 01:00:00,19.99,USD,apple_pay,success,2022-10-27,2022-11-25
P000214,S00023,U0012,2024-09-18 15:00:00,19.99,USD,google_pay,success,2024-09-18,2024-10-17
P000215,S00023,U0012,2024-10-18 22:00:00,19.99,USD,google_pay,success,2024-10-18,2024-11-16
P000216,S00023,U0012,2024-11-17 13:00:00,19.99,USD,google_pay,success,2024-11-17,2024-12-16
P000217,S00023,U0012,2024-12-17 19:00:00,19.99,USD,google_pay,success,2024-12-17,2025-01-15
P000218,S00023,U0012,2025-01-16 03:00:00,19.99,USD,google_pay,success,2025-01-16,2025-02-14
P000219,S00023,U0012,2025-02-15 12:00:00,19.99,USD,google_pay,failed,2025-02-15,2025-03-16
P000220,S00023,U0012,2025-03-17 06:00:00,19.99,USD,google_pay,success,2025-03-17,2025-04-15
P000221,S00023,U0012,2025-04-16 03:00:00,19.99,USD,google_pay,success,2025-04-16,2025-05-15
P000222,S00023,U0012,2025-05-16 01:00:00,19.99,USD,google_pay,success,2025-05-16,2025-06-14
P000223,S00023,U0012,2025-06-15 21:00:00,19.99,USD,google_pay,failed,2025-06-15,2025-07-14
P000224,S00024,U0046,2024-03-04 14:00:00,19.99,USD,google_pay,success,2024-03-04,2024-04-02
P000225,S00025,U0193,2023-07-24 18:00:00,19.99,USD,paypal,success,2023-07-24,2023-08-22
P000226,S00025,U0193,2023-08-23 04:00:00,19.99,USD,paypal,failed,2023-08-23,2023-09-21
P000227,S00025,U0193,2023-09-22 00:00:00,19.99,USD,paypal,refunded,2023-09-22,2023-10-21
P000228,S00026,U0146,2024-12-24 01:00:00,19.99,USD,google_pay,success,2024-12-24,2025-01-22
P000229,S00026,U0146,2025-01-23 13:00:00,19.99,USD,google_pay,success,2025-01-23,2025-02-21
P000230,S00026,U0146,2025-02-22 15:00:00,19.99,USD,google_pay,success,2025-02-22,2025-03-23
P000231,S00026,U0146,2025-03-24 05:00:00,19.99,USD,google_pay,failed,2025-03-24,2025-04-22
P000232,S00026,U0146,2025-04-23 05:00:00,19.99,USD,google_pay,success,2025-04-23,2025-05-22
P000233,S00026,U0146,2025-05-23 04:00:00,19.99,USD,google_pay,success,2025-05-23,2025-06-21
P000234,S00026,U0146,2025-06-22 21:00:00,19.99,USD,google_pay,success,2025-06-22,2025-07-21
P000235,S00026,U0146,2025-07-22 10:00:00,19.99,USD,google_pay,success,2025-07-22,2025-08-20
P000236,S00026,U0146,2025-08-21 12:00:00,19.99,USD,google_pay,success,2025-08-21,2025-09-19
P000237,S00026,U0146,2025-09-20 19:00:00,19.99,USD,google_pay,success,2025-09-20,2025-10-19
P000238,S00026,U0146,2025-10-20 07:00:00,19.99,USD,google_pay,failed,2025-10-20,2025-11-18
P000239,S00026,U0146,2025-11-19 10:00:00,19.99,USD,google_pay,success,2025-11-19,2025-12-18
P000240,S00026,U0146,2025-12-19 14:00:00,19.99,USD,google_pay,refunded,2025-12-19,2026-01-17
P000241,S00026,U0146,2026-01-18 04:00:00,19.99,USD,google_pay,success,2026-01-18,2026-02-16
P000242,S00026,U0146,2026-02-17 22:00:00,19.99,USD,google_pay,success,2026-02-17,2026-03-18
P000243,S00026,U0146,2026-03-19 16:00:00,19.99,USD,google_pay,success,2026-03-19,2026-04-17
P000244,S00026,U0146,2026-04-18 22:00:00,19.99,USD,google_pay,success,2026-04-18,2026-05-17
P000245,S00026,U0146,2026-05-18 10:00:00,19.99,USD,google_pay,success,2026-05-18,2026-06-16
P000246,S00026,U0146,2026-06-17 17:00:00,19.99,USD,google_pay,success,2026-06-17,2026-07-16
P000247,S00026,U0146,2026-07-17 06:00:00,19.99,USD,google_pay,success,2026-07-17,2026-08-15
P000248,S00026,U0146,2026-08-16 22:00:00,19.99,USD,google_pay,success,2026-08-16,2026-09-14
P000249,S00026,U0146,2026-09-15 11:00:00,19.99,USD,google_pay,success,2026-09-15,2026-10-14
P000250,S00026,U0146,2026-10-15 04:00:00,19.99,USD,google_pay,failed,2026-10-15,2026-11-13
P000251,S00026,U0146,2026-11-14 20:00:00,19.99,USD,google_pay,refunded,2026-11-14,2026-12-13
P000252,S00027,U0099,2023-03-18 05:00:00,19.99,USD,bank_transfer,refunded,2023-03-18,2023-04-16
P000253,S00027,U0099,2023-04-17 22:00:00,19.99,USD,bank_transfer,success,2023-04-17,2023-05-16
P000254,S00027,U0099,2023-05-17 22:00:00,19.99,USD,bank_transfer,success,2023-05-17,2023-06-15
P000255,S00028,U0026,2023-09-15 11:00:00,9.99,USD,google_pay,success,2023-09-15,2023-10-14
P000256,S00028,U0026,2023-10-15 18:00:00,9.99,USD,google_pay,success,2023-10-15,2023-11-13
P000257,S00028,U0026,2023-11-14 21:00:00,9.99,USD,google_pay,success,2023-11-14,2023-12-13
P000258,S00028,U0026,2023-12-14 21:00:00,9.99,USD,google_pay,success,2023-12-14,2024-01-12
P000259,S00028,U0026,2024-01-13 17:00:00,9.99,USD,google_pay,success,2024-01-13,2024-02-11
P000260,S00028,U0026,2024-02-12 13:00:00,9.99,USD,google_pay,success,2024-02-12,2024-03-12
P000261,S00028,U0026,2024-03-13 16:00:00,9.99,USD,google_pay,success,2024-03-13,2024-04-11
P000262,S00028,U0026,2024-04-12 12:00:00,9.99,USD,google_pay,success,2024-04-12,2024-05-11
P000263,S00028,U0026,2024-05-12 21:00:00,9.99,USD,google_pay,success,2024-05-12,2024-06-10
P000264,S00028,U0026,2024-06-11 08:00:00,9.99,USD,google_pay,success,2024-06-11,2024-07-10
P000265,S00028,U0026,2024-07-11 05:00:00,9.99,USD,google_pay,success,2024-07-11,2024-08-09
P000266,S00028,U0026,2024-08-10 21:00:00,9.99,USD,google_pay,refunded,2024-08-10,2024-09-08
P000267,S00029,U0199,2024-12-11 01:00:00,9.99,USD,apple_pay,success,2024-12-11,2025-01-09
P000268,S00029,U0199,2025-01-10 09:00:00,9.99,USD,apple_pay,success,2025-01-10,2025-02-08
P000269,S00029,U0199,2025-02-09 17:00:00,9.99,USD,apple_pay,success,2025-02-09,2025-03-10
P000270,S00029,U0199,2025-03-11 14:00:00,9.99,USD,apple_pay,success,2025-03-11,2025-04-09
P000271,S00029,U0199,2025-04-10 21:00:00,9.99,USD,apple_pay,success,2025-04-10,2025-05-09
P000272,S00029,U0199,2025-05-10 07:00:00,9.99,USD,apple_pay,success,2025-05-10,2025-06-08
P000273,S00029,U0199,2025-06-09 17:00:00,9.99,USD,apple_pay,success,2025-06-09,2025-07-08
P000274,S00029,U0199,2025-07-09 16:00:00,9.99,USD,apple_pay,success,2025-07-09,2025-08-07
P000275,S00029,U0199,2025-08-08 22:00:00,9.99,USD,apple_pay,success,2025-08-08,2025-09-06
P000276,S00029,U0199,2025-09-07 21:00:00,9.99,USD,apple_pay,success,2025-09-07,2025-10-06
P000277,S00029,U0199,2025-10-07 12:00:00,9.99,USD,apple_pay,success,2025-10-07,2025-11-05
P000278,S00029,U0199,2025-11-06 21:00:00,9.99,USD,apple_pay,success,2025-11-06,2025-12-05
P000279,S00029,U0199,2025-12-06 17:00:00,9.99,USD,apple_pay,success,2025-12-06,2026-01-04
P000280,S00029,U0199,2026-01-05 23:00:00,9.99,USD,apple_pay,success,2026-01-05,2026-02-03
P000281,S00029,U0199,2026-02-04 19:00:00,9.99,USD,apple_pay,success,2026-02-04,2026-03-05
P000282,S00029,U0199,2026-03-06 14:00:00,9.99,USD,apple_pay,success,2026-03-06,2026-04-04
P000283,S00030,U0092,2025-02-21 20:00:00,9.99,USD,paypal,success,2025-02-21,2025-03-22
P000284,S00030,U0092,2025-03-23 20:00:00,9.99,USD,paypal,success,2025-03-23,2025-04-21
P000285,S00030,U0092,2025-04-22 18:00:00,9.99,USD,paypal,success,2025-04-22,2025-05-21
P000286,S00030,U0092,2025-05-22 19:00:00,9.99,USD,paypal,success,2025-05-22,2025-06-20
P000287,S00030,U0092,2025-06-21 23:00:00,9.99,USD,paypal,success,2025-06-21,2025-07-20
P000288,S00030,U0092,2025-07-21 09:00:00,9.99,USD,paypal,refunded,2025-07-21,2025-08-19
P000289,S00030,U0092,2025-08-20 21:00:00,9.99,USD,paypal,success,2025-08-20,2025-09-18
P000290,S00030,U0092,2025-09-19 05:00:00,9.99,USD,paypal,success,2025-09-19,2025-10-18
P000291,S00030,U0092,2025-10-19 03:00:00,9.99,USD,paypal,success,2025-10-19,2025-11-17
P000292,S00030,U0092,2025-11-18 13:00:00,9.99,USD,paypal,success,2025-11-18,2025-12-17
P000293,S00030,U0092,2025-12-18 08:00:00,9.99,USD,paypal,success,2025-12-18,2026-01-16
P000294,S00030,U0092,2026-01-17 18:00:00,9.99,USD,paypal,success,2026-01-17,2026-02-15
P000295,S00030,U0092,2026-02-16 00:00:00,9.99,USD,paypal,success,2026-02-16,2026-03-17
P000296,S00030,U0092,2026-03-18 22:00:00,9.99,USD,paypal,success,2026-03-18,2026-04-16
P000297,S00030,U0092,2026-04-17 01:00:00,9.99,USD,paypal,failed,2026-04-17,2026-05-16
P000298,S00031,U0022,2024-04-28 10:00:00,19.99,USD,credit_card,success,2024-04-28,2024-05-27
P000299,S00031,U0022,2024-05-28 20:00:00,19.99,USD,credit_card,success,2024-05-28,2024-06-26
P000300,S00031,U0022,2024-06-27 21:00:00,19.99,USD,credit_card,success,2024-06-27,2024-07-26
P000301,S00031,U0022,2024-07-27 18:00:00,19.99,USD,credit_card,success,2024-07-27,2024-08-25
P000302,S00031,U0022,2024-08-26 02:00:00,19.99,USD,credit_card,success,2024-08-26,2024-09-24
P000303,S00031,U0022,2024-09-25 10:00:00,19.99,USD,credit_card,success,2024-09-25,2024-10-24
P000304,S00031,U0022,2024-10-25 05:00:00,19.99,USD,credit_card,success,2024-10-25,2024-11-23
P000305,S00031,U0022,2024-11-24 16:00:00,19.99,USD,credit_card,success,2024-11-24,2024-12-23
P000306,S00031,U0022,2024-12-24 17:00:00,19.99,USD,credit_card,success,2024-12-24,2025-01-22
P000307,S00032,U0040,2025-02-14 02:00:00,9.99,USD,bank_transfer,success,2025-02-14,2025-03-15
P000308,S00032,U0040,2025-03-16 06:00:00,9.99,USD,bank_transfer,success,2025-03-16,2025-04-14
P000309,S00032,U0040,2025-04-15 10:00:00,9.99,USD,bank_transfer,success,2025-04-15,2025-05-14
P000310,S00032,U0040,2025-05-15 06:00:00,9.99,USD,bank_transfer,success,2025-05-15,2025-06-13
P000311,S00032,U0040,2025-06-14 19:00:00,9.99,USD,bank_transfer,failed,2025-06-14,2025-07-13
P000312,S00032,U0040,2025-07-14 17:00:00,9.99,USD,bank_transfer,success,2025-07-14,2025-08-12
P000313,S00032,U0040,2025-08-13 20:00:00,9.99,USD,bank_transfer,success,2025-08-13,2025-09-11
P000314,S00032,U0040,2025-09-12 21:00:00,9.99,USD,bank_transfer,success,2025-09-12,2025-10-11
P000315,S00032,U0040,2025-10-12 07:00:00,9.99,USD,bank_transfer,success,2025-10-12,2025-11-10
P000316,S00032,U0040,2025-11-11 19:00:00,9.99,USD,bank_transfer,failed,2025-11-11,2025-12-10
P000317,S00032,U0040,2025-12-11 07:00:00,9.99,USD,bank_transfer,failed,2025-12-11,2026-01-09
P000318,S00032,U0040,2026-01-10 21:00:00,9.99,USD,bank_transfer,failed,2026-01-10,2026-02-08
P000319,S00032,U0040,2026-02-09 12:00:00,9.99,USD,bank_transfer,success,2026-02-09,2026-03-10
P000320,S00032,U0040,2026-03-11 03:00:00,9.99,USD,bank_transfer,failed,2026-03-11,2026-04-09
P000321,S00034,U0195,2023-10-16 17:00:00,9.99,USD,apple_pay,success,2023-10-16,2023-11-14
P000322,S00034,U0195,2023-11-15 00:00:00,9.99,USD,apple_pay,success,2023-11-15,2023-12-14
P000323,S00034,U0195,2023-12-15 11:00:00,9.99,USD,apple_pay,failed,2023-12-15,2024-01-13
P000324,S00035,U0143,2023-05-08 16:00:00,9.99,USD,credit_card,success,2023-05-08,2023-06-06
P000325,S00035,U0143,2023-06-07 01:00:00,9.99,USD,credit_card,success,2023-06-07,2023-07-06
P000326,S00035,U0143,2023-07-07 20:00:00,9.99,USD,credit_card,success,2023-07-07,2023-08-05
P000327,S00035,U0143,2023-08-06 16:00:00,9.99,USD,credit_card,success,2023-08-06,2023-09-04
P000328,S00037,U0004,2024-03-30 03:00:00,9.99,USD,paypal,success,2024-03-30,2024-04-28
P000329,S00037,U0004,2024-04-29 17:00:00,9.99,USD,paypal,success,2024-04-29,2024-05-28
P000330,S00037,U0004,2024-05-29 20:00:00,9.99,USD,paypal,success,2024-05-29,2024-06-27
P000331,S00038,U0176,2023-12-21 21:00:00,9.99,USD,bank_transfer,success,2023-12-21,2024-01-19
P000332,S00038,U0176,2024-01-20 06:00:00,9.99,USD,bank_transfer,success,2024-01-20,2024-02-18
P000333,S00038,U0176,2024-02-19 13:00:00,9.99,USD,bank_transfer,success,2024-02-19,2024-03-19
P000334,S00038,U0176,2024-03-20 06:00:00,9.99,USD,bank_transfer,success,2024-03-20,2024-04-18
P000335,S00038,U0176,2024-04-19 22:00:00,9.99,USD,bank_transfer,success,2024-04-19,2024-05-18
P000336,S00038,U0176,2024-05-19 23:00:00,9.99,USD,bank_transfer,success,2024-05-19,2024-06-17
P000337,S00038,U0176,2024-06-18 20:00:00,9.99,USD,bank_transfer,success,2024-06-18,2024-07-17
P000338,S00038,U0176,2024-07-18 02:00:00,9.99,USD,bank_transfer,success,2024-07-18,2024-08-16
P000339,S00038,U0176,2024-08-17 04:00:00,9.99,USD,bank_transfer,success,2024-08-17,2024-09-15
P000340,S00038,U0176,2024-09-16 22:00:00,9.99,USD,bank_transfer,success,2024-09-16,2024-10-15
P000341,S00040,U0124,2023-12-24 02:00:00,19.99,USD,apple_pay,success,2023-12-24,2024-01-22
P000342,S00040,U0124,2024-01-23 05:00:00,19.99,USD,apple_pay,success,2024-01-23,2024-02-21
P000343,S00040,U0124,2024-02-22 17:00:00,19.99,USD,apple_pay,success,2024-02-22,2024-03-22
P000344,S00040,U0124,2024-03-23 07:00:00,19.99,USD,apple_pay,success,2024-03-23,2024-04-21
P000345,S00040,U0124,2024-04-22 13:00:00,19.99,USD,apple_pay,failed,2024-04-22,2024-05-21
P000346,S00040,U0124,2024-05-22 20:00:00,19.99,USD,apple_pay,success,2024-05-22,2024-06-20
P000347,S00040,U0124,2024-06-21 10:00:00,19.99,USD,apple_pay,success,2024-06-21,2024-07-20
P000348,S00040,U0124,2024-07-21 21:00:00,19.99,USD,apple_pay,success,2024-07-21,2024-08-19
P000349,S00040,U0124,2024-08-20 00:00:00,19.99,USD,apple_pay,success,2024-08-20,2024-09-18
P000350,S00042,U0159,2024-12-30 19:00:00,9.99,USD,apple_pay,success,2024-12-30,2025-01-28
P000351,S00042,U0159,2025-01-29 23:00:00,9.99,USD,apple_pay,success,2025-01-29,2025-02-27
P000352,S00042,U0159,2025-02-28 22:00:00,9.99,USD,apple_pay,success,2025-02-28,2025-03-29
P000353,S00042,U0159,2025-03-30 11:00:00,9.99,USD,apple_pay,success,2025-03-30,2025-04-28
P000354,S00042,U0159,2025-04-29 03:00:00,9.99,USD,apple_pay,failed,2025-04-29,2025-05-28
P000355,S00042,U0159,2025-05-29 21:00:00,9.99,USD,apple_pay,success,2025-05-29,2025-06-27
P000356,S00042,U0159,2025-06-28 02:00:00,9.99,USD,apple_pay,success,2025-06-28,2025-07-27
P000357,S00042,U0159,2025-07-28 14:00:00,9.99,USD,apple_pay,success,2025-07-28,2025-08-26
P000358,S00042,U0159,2025-08-27 21:00:00,9.99,USD,apple_pay,success,2025-08-27,2025-09-25
P000359,S00042,U0159,2025-09-26 05:00:00,9.99,USD,apple_pay,success,2025-09-26,2025-10-25
P000360,S00042,U0159,2025-10-26 04:00:00,9.99,USD,apple_pay,success,2025-10-26,2025-11-24
P000361,S00042,U0159,2025-11-25 17:00:00,9.99,USD,apple_pay,success,2025-11-25,2025-12-24
P000362,S00043,U0111,2022-10-06 20:00:00,19.99,USD,google_pay,success,2022-10-06,2022-11-04
P000363,S00043,U0111,2022-11-05 21:00:00,19.99,USD,google_pay,success,2022-11-05,2022-12-04
P000364,S00043,U0111,2022-12-05 23:00:00,19.99,USD,google_pay,success,2022-12-05,2023-01-03
P000365,S00043,U0111,2023-01-04 00:00:00,19.99,USD,google_pay,success,2023-01-04,2023-02-02
P000366,S00043,U0111,2023-02-03 17:00:00,19.99,USD,google_pay,success,2023-02-03,2023-03-04
P000367,S00043,U0111,2023-03-05 01:00:00,19.99,USD,google_pay,success,2023-03-05,2023-04-03
P000368,S00043,U0111,2023-04-04 19:00:00,19.99,USD,google_pay,success,2023-04-04,2023-05-03
P000369,S00043,U0111,2023-05-04 17:00:00,19.99,USD,google_pay,success,2023-05-04,2023-06-02
P000370,S00043,U0111,2023-06-03 09:00:00,19.99,USD,google_pay,failed,2023-06-03,2023-07-02
P000371,S00043,U0111,2023-07-03 23:00:00,19.99,USD,google_pay,success,2023-07-03,2023-08-01
P000372,S00043,U0111,2023-08-02 11:00:00,19.99,USD,google_pay,failed,2023-08-02,2023-08-31
P000373,S00044,U0123,2024-07-04 20:00:00,9.99,USD,bank_transfer,success,2024-07-04,2024-08-02
P000374,S00044,U0123,2024-08-03 04:00:00,9.99,USD,bank_transfer,success,2024-08-03,2024-09-01
P000375,S00044,U0123,2024-09-02 07:00:00,9.99,USD,bank_transfer,success,2024-09-02,2024-10-01
P000376,S00044,U0123,2024-10-02 08:00:00,9.99,USD,bank_transfer,success,2024-10-02,2024-10-31
P000377,S00044,U0123,2024-11-01 05:00:00,9.99,USD,bank_transfer,success,2024-11-01,2024-11-30
P000378,S00044,U0123,2024-12-01 18:00:00,9.99,USD,bank_transfer,success,2024-12-01,2024-12-30
P000379,S00044,U0123,2024-12-31 17:00:00,9.99,USD,bank_transfer,success,2024-12-31,2025-01-29
P000380,S00044,U0123,2025-01-30 17:00:00,9.99,USD,bank_transfer,success,2025-01-30,2025-02-28
P000381,S00044,U0123,2025-03-01 21:00:00,9.99,USD,bank_transfer,success,2025-03-01,2025-03-30
P000382,S00044,U0123,2025-03-31 03:00:00,9.99,USD,bank_transfer,success,2025-03-31,2025-04-29
P000383,S00044,U0123,2025-04-30 18:00:00,9.99,USD,bank_transfer,success,2025-04-30,2025-05-29
P000384,S00045,U0148,2024-11-08 10:00:00,19.99,USD,bank_transfer,success,2024-11-08,2024-12-07
P000385,S00045,U0148,2024-12-08 21:00:00,19.99,USD,bank_transfer,success,2024-12-08,2025-01-06
P000386,S00045,U0148,2025-01-07 03:00:00,19.99,USD,bank_transfer,success,2025-01-07,2025-02-05
P000387,S00045,U0148,2025-02-06 02:00:00,19.99,USD,bank_transfer,success,2025-02-06,2025-03-07
P000388,S00045,U0148,2025-03-08 10:00:00,19.99,USD,bank_transfer,failed,2025-03-08,2025-04-06
P000389,S00045,U0148,2025-04-07 10:00:00,19.99,USD,bank_transfer,success,2025-04-07,2025-05-06
P000390,S00045,U0148,2025-05-07 09:00:00,19.99,USD,bank_transfer,success,2025-05-07,2025-06-05
P000391,S00045,U0148,2025-06-06 04:00:00,19.99,USD,bank_transfer,success,2025-06-06,2025-07-05
P000392,S00045,U0148,2025-07-06 11:00:00,19.99,USD,bank_transfer,success,2025-07-06,2025-08-04
P000393,S00045,U0148,2025-08-05 13:00:00,19.99,USD,bank_transfer,success,2025-08-05,2025-09-03
P000394,S00045,U0148,2025-09-04 10:00:00,19.99,USD,bank_transfer,success,2025-09-04,2025-10-03
P000395,S00045,U0148,2025-10-04 07:00:00,19.99,USD,bank_transfer,success,2025-10-04,2025-11-02
P000396,S00045,U0148,2025-11-03 20:00:00,19.99,USD,bank_transfer,success,2025-11-03,2025-12-02
P000397,S00047,U0175,2020-07-01 11:00:00,19.99,USD,apple_pay,success,2020-07-01,2020-07-30
P000398,S00047,U0175,2020-07-31 23:00:00,19.99,USD,apple_pay,success,2020-07-31,2020-08-29
P000399,S00047,U0175,2020-08-30 15:00:00,19.99,USD,apple_pay,success,2020-08-30,2020-09-28
P000400,S00047,U0175,2020-09-29 11:00:00,19.99,USD,apple_pay,success,2020-09-29,2020-10-28
P000401,S00047,U0175,2020-10-29 15:00:00,19.99,USD,apple_pay,success,2020-10-29,2020-11-27
P000402,S00047,U0175,2020-11-28 05:00:00,19.99,USD,apple_pay,success,2020-11-28,2020-12-27
P000403,S00047,U0175,2020-12-28 02:00:00,19.99,USD,apple_pay,success,2020-12-28,2021-01-26
P000404,S00047,U0175,2021-01-27 04:00:00,19.99,USD,apple_pay,success,2021-01-27,2021-02-25
P000405,S00047,U0175,2021-02-26 06:00:00,19.99,USD,apple_pay,success,2021-02-26,2021-03-27
P000406,S00047,U0175,2021-03-28 20:00:00,19.99,USD,apple_pay,success,2021-03-28,2021-04-26
P000407,S00047,U0175,2021-04-27 02:00:00,19.99,USD,apple_pay,success,2021-04-27,2021-05-26
P000408,S00047,U0175,2021-05-27 16:00:00,19.99,USD,apple_pay,success,2021-05-27,2021-06-25
P000409,S00047,U0175,2021-06-26 18:00:00,19.99,USD,apple_pay,success,2021-06-26,2021-07-25
P000410,S00047,U0175,2021-07-26 18:00:00,19.99,USD,apple_pay,success,2021-07-26,2021-08-24
P000411,S00047,U0175,2021-08-25 01:00:00,19.99,USD,apple_pay,success,2021-08-25,2021-09-23
P000412,S00047,U0175,2021-09-24 17:00:00,19.99,USD,apple_pay,success,2021-09-24,2021-10-23
P000413,S00049,U0036,2024-07-07 17:00:00,9.99,USD,apple_pay,success,2024-07-07,2024-08-05
P000414,S00049,U0036,2024-08-06 04:00:00,9.99,USD,apple_pay,success,2024-08-06,2024-09-04
P000415,S00049,U0036,2024-09-05 07:00:00,9.99,USD,apple_pay,success,2024-09-05,2024-10-04
P000416,S00049,U0036,2024-10-05 18:00:00,9.99,USD,apple_pay,success,2024-10-05,2024-11-03
P000417,S00049,U0036,2024-11-04 09:00:00,9.99,USD,apple_pay,success,2024-11-04,2024-12-03
P000418,S00049,U0036,2024-12-04 16:00:00,9.99,USD,apple_pay,success,2024-12-04,2025-01-02
P000419,S00049,U0036,2025-01-03 12:00:00,9.99,USD,apple_pay,success,2025-01-03,2025-02-01
P000420,S00049,U0036,2025-02-02 00:00:00,9.99,USD,apple_pay,success,2025-02-02,2025-03-03
P000421,S00049,U0036,2025-03-04 19:00:00,9.99,USD,apple_pay,success,2025-03-04,2025-04-02
P000422,S00050,U0019,2024-01-02 16:00:00,9.99,USD,google_pay,success,2024-01-02,2024-01-31
P000423,S00050,U0019,2024-02-01 05:00:00,9.99,USD,google_pay,success,2024-02-01,2024-03-01
P000424,S00050,U0019,2024-03-02 18:00:00,9.99,USD,google_pay,success,2024-03-02,2024-03-31
P000425,S00050,U0019,2024-04-01 04:00:00,9.99,USD,google_pay,success,2024-04-01,2024-04-30
P000426,S00050,U0019,2024-05-01 15:00:00,9.99,USD,google_pay,success,2024-05-01,2024-05-30
P000427,S00050,U0019,2024-05-31 01:00:00,9.99,USD,google_pay,failed,2024-05-31,2024-06-29
P000428,S00050,U0019,2024-06-30 15:00:00,9.99,USD,google_pay,success,2024-06-30,2024-07-29
P000429,S00050,U0019,2024-07-30 08:00:00,9.99,USD,google_pay,success,2024-07-30,2024-08-28
P000430,S00050,U0019,2024-08-29 01:00:00,9.99,USD,google_pay,success,2024-08-29,2024-09-27
P000431,S00050,U0019,2024-09-28 16:00:00,9.99,USD,google_pay,success,2024-09-28,2024-10-27
P000432,S00050,U0019,2024-10-28 11:00:00,9.99,USD,google_pay,failed,2024-10-28,2024-11-26
P000433,S00050,U0019,2024-11-27 14:00:00,9.99,USD,google_pay,success,2024-11-27,2024-12-26
P000434,S00050,U0019,2024-12-27 01:00:00,9.99,USD,google_pay,success,2024-12-27,2025-01-25
P000435,S00050,U0019,2025-01-26 10:00:00,9.99,USD,google_pay,refunded,2025-01-26,2025-02-24
P000436,S00050,U0019,2025-02-25 16:00:00,9.99,USD,google_pay,success,2025-02-25,2025-03-26
P000437,S00050,U0019,2025-03-27 08:00:00,9.99,USD,google_pay,success,2025-03-27,2025-04-25
P000438,S00050,U0019,2025-04-26 08:00:00,9.99,USD,google_pay,success,2025-04-26,2025-05-25
P000439,S00051,U0137,2024-12-09 18:00:00,9.99,USD,google_pay,success,2024-12-09,2025-01-07
P000440,S00051,U0137,2025-01-08 20:00:00,9.99,USD,google_pay,success,2025-01-08,2025-02-06
P000441,S00051,U0137,2025-02-07 18:00:00,9.99,USD,google_pay,success,2025-02-07,2025-03-08
P000442,S00051,U0137,2025-03-09 02:00:00,9.99,USD,google_pay,success,2025-03-09,2025-04-07
P000443,S00051,U0137,2025-04-08 12:00:00,9.99,USD,google_pay,success,2025-04-08,2025-05-07
P000444,S00051,U0137,2025-05-08 07:00:00,9.99,USD,google_pay,refunded,2025-05-08,2025-06-06
P000445,S00051,U0137,2025-06-07 11:00:00,9.99,USD,google_pay,success,2025-06-07,2025-07-06
P000446,S00051,U0137,2025-07-07 11:00:00,9.99,USD,google_pay,success,2025-07-07,2025-08-05
P000447,S00051,U0137,2025-08-06 15:00:00,9.99,USD,google_pay,success,2025-08-06,2025-09-04
P000448,S00051,U0137,2025-09-05 00:00:00,9.99,USD,google_pay,success,2025-09-05,2025-10-04
P000449,S00051,U0137,2025-10-05 04:00:00,9.99,USD,google_pay,success,2025-10-05,2025-11-03
P000450,S00051,U0137,2025-11-04 07:00:00,9.99,USD,google_pay,success,2025-11-04,2025-12-03
P000451,S00051,U0137,2025-12-04 20:00:00,9.99,USD,google_pay,success,2025-12-04,2026-01-02
P000452,S00051,U0137,2026-01-03 04:00:00,9.99,USD,google_pay,success,2026-01-03,2026-02-01
P000453,S00051,U0137,2026-02-02 11:00:00,9.99,USD,google_pay,success,2026-02-02,2026-03-03
P000454,S00052,U0093,2024-11-22 03:00:00,19.99,USD,google_pay,success,2024-11-22,2024-12-21
P000455,S00052,U0093,2024-12-22 13:00:00,19.99,USD,google_pay,success,2024-12-22,2025-01-20
P000456,S00052,U0093,2025-01-21 23:00:00,19.99,USD,google_pay,success,2025-01-21,2025-02-19
P000457,S00052,U0093,2025-02-20 21:00:00,19.99,USD,google_pay,success,2025-02-20,2025-03-21
P000458,S00052,U0093,2025-03-22 06:00:00,19.99,USD,google_pay,success,2025-03-22,2025-04-20
P000459,S00052,U0093,2025-04-21 20:00:00,19.99,USD,google_pay,success,2025-04-21,2025-05-20
P000460,S00052,U0093,2025-05-21 00:00:00,19.99,USD,google_pay,success,2025-05-21,2025-06-19
P000461,S00052,U0093,2025-06-20 04:00:00,19.99,USD,google_pay,success,2025-06-20,2025-07-19
P000462,S00052,U0093,2025-07-20 05:00:00,19.99,USD,google_pay,success,2025-07-20,2025-08-18
P000463,S00052,U0093,2025-08-19 16:00:00,19.99,USD,google_pay,success,2025-08-19,2025-09-17
P000464,S00052,U0093,2025-09-18 18:00:00,19.99,USD,google_pay,success,2025-09-18,2025-10-17
P000465,S00052,U0093,2025-10-18 05:00:00,19.99,USD,google_pay,success,2025-10-18,2025-11-16
P000466,S00052,U0093,2025-11-17 05:00:00,19.99,USD,google_pay,success,2025-11-17,2025-12-16
P000467,S00052,U0093,2025-12-17 12:00:00,19.99,USD,google_pay,success,2025-12-17,2026-01-15
P000468,S00052,U0093,2026-01-16 18:00:00,19.99,USD,google_pay,success,2026-01-16,2026-02-14
P000469,S00052,U0093,2026-02-15 23:00:00,19.99,USD,google_pay,success,2026-02-15,2026-03-16
P000470,S00052,U0093,2026-03-17 09:00:00,19.99,USD,google_pay,success,2026-03-17,2026-04-15
P000471,S00052,U0093,2026-04-16 06:00:00,19.99,USD,google_pay,failed,2026-04-16,2026-05-15
P000472,S00052,U0093,2026-05-16 15:00:00,19.99,USD,google_pay,success,2026-05-16,2026-06-14
P000473,S00053,U0028,2024-09-06 05:00:00,19.99,USD,credit_card,success,2024-09-06,2024-10-05
P000474,S00053,U0028,2024-10-06 13:00:00,19.99,USD,credit_card,success,2024-10-06,2024-11-04
P000475,S00053,U0028,2024-11-05 18:00:00,19.99,USD,credit_card,success,2024-11-05,2024-12-04
P000476,S00053,U0028,2024-12-05 05:00:00,19.99,USD,credit_card,success,2024-12-05,2025-01-03
P000477,S00053,U0028,2025-01-04 16:00:00,19.99,USD,credit_card,success,2025-01-04,2025-02-02
P000478,S00053,U0028,2025-02-03 23:00:00,19.99,USD,credit_card,success,2025-02-03,2025-03-04
P000479,S00054,U0193,2023-09-28 14:00:00,9.99,USD,credit_card,success,2023-09-28,2023-10-27
P000480,S00054,U0193,2023-10-28 02:00:00,9.99,USD,credit_card,success,2023-10-28,2023-11-26
P000481,S00054,U0193,2023-11-27 12:00:00,9.99,USD,credit_card,success,2023-11-27,2023-12-26
P000482,S00054,U0193,2023-12-27 00:00:00,9.99,USD,credit_card,success,2023-12-27,2024-01-25
P000483,S00055,U0057,2025-01-15 16:00:00,9.99,USD,bank_transfer,success,2025-01-15,2025-02-13
P000484,S00055,U0057,2025-02-14 04:00:00,9.99,USD,bank_transfer,success,2025-02-14,2025-03-15
P000485,S00055,U0057,2025-03-16 05:00:00,9.99,USD,bank_transfer,success,2025-03-16,2025-04-14
P000486,S00055,U0057,2025-04-15 19:00:00,9.99,USD,bank_transfer,success,2025-04-15,2025-05-14
P000487,S00055,U0057,2025-05-15 17:00:00,9.99,USD,bank_transfer,success,2025-05-15,2025-06-13
P000488,S00055,U0057,2025-06-14 03:00:00,9.99,USD,bank_transfer,success,2025-06-14,2025-07-13
P000489,S00055,U0057,2025-07-14 21:00:00,9.99,USD,bank_transfer,success,2025-07-14,2025-08-12
P000490,S00055,U0057,2025-08-13 19:00:00,9.99,USD,bank_transfer,success,2025-08-13,2025-09-11
P000491,S00055,U0057,2025-09-12 00:00:00,9.99,USD,bank_transfer,success,2025-09-12,2025-10-11
P000492,S00055,U0057,2025-10-12 21:00:00,9.99,USD,bank_transfer,success,2025-10-12,2025-11-10
P000493,S00055,U0057,2025-11-11 16:00:00,9.99,USD,bank_transfer,success,2025-11-11,2025-12-10
P000494,S00055,U0057,2025-12-11 01:00:00,9.99,USD,bank_transfer,success,2025-12-11,2026-01-09
P000495,S00055,U0057,2026-01-10 13:00:00,9.99,USD,bank_transfer,success,2026-01-10,2026-02-08
P000496,S00055,U0057,2026-02-09 15:00:00,9.99,USD,bank_transfer,success,2026-02-09,2026-03-10
P000497,S00055,U0057,2026-03-11 12:00:00,9.99,USD,bank_transfer,success,2026-03-11,2026-04-09
P000498,S00055,U0057,2026-04-10 23:00:00,9.99,USD,bank_transfer,success,2026-04-10,2026-05-09
P000499,S00056,U0119,2024-02-24 22:00:00,19.99,USD,paypal,failed,2024-02-24,2024-03-24
P000500,S00056,U0119,2024-03-25 13:00:00,19.99,USD,paypal,success,2024-03-25,2024-04-23
P000501,S00056,U0119,2024-04-24 15:00:00,19.99,USD,paypal,success,2024-04-24,2024-05-23
P000502,S00056,U0119,2024-05-24 02:00:00,19.99,USD,paypal,success,2024-05-24,2024-06-22
P000503,S00056,U0119,2024-06-23 17:00:00,19.99,USD,paypal,success,2024-06-23,2024-07-22
P000504,S00056,U0119,2024-07-23 06:00:00,19.99,USD,paypal,success,2024-07-23,2024-08-21
P000505,S00056,U0119,2024-08-22 23:00:00,19.99,USD,paypal,success,2024-08-22,2024-09-20
P000506,S00056,U0119,2024-09-21 18:00:00,19.99,USD,paypal,success,2024-09-21,2024-10-20
P000507,S00056,U0119,2024-10-21 16:00:00,19.99,USD,paypal,success,2024-10-21,2024-11-19
P000508,S00056,U0119,2024-11-20 20:00:00,19.99,USD,paypal,success,2024-11-20,2024-12-19
P000509,S00056,U0119,2024-12-20 10:00:00,19.99,USD,paypal,success,2024-12-20,2025-01-18
P000510,S00056,U0119,2025-01-19 03:00:00,19.99,USD,paypal,success,2025-01-19,2025-02-17
P000511,S00056,U0119,2025-02-18 20:00:00,19.99,USD,paypal,success,2025-02-18,2025-03-19
P000512,S00056,U0119,2025-03-20 08:00:00,19.99,USD,paypal,success,2025-03-20,2025-04-18
P000513,S00056,U0119,2025-04-19 13:00:00,19.99,USD,paypal,success,2025-04-19,2025-05-18
P000514,S00056,U0119,2025-05-19 19:00:00,19.99,USD,paypal,success,2025-05-19,2025-06-17
P000515,S00056,U0119,2025-06-18 21:00:00,19.99,USD,paypal,success,2025-06-18,2025-07-17
P000516,S00056,U0119,2025-07-18 06:00:00,19.99,USD,paypal,success,2025-07-18,2025-08-16
P000517,S00057,U0007,2024-01-17 17:00:00,9.99,USD,credit_card,success,2024-01-17,2024-02-15
P000518,S00057,U0007,2024-02-16 11:00:00,9.99,USD,credit_card,success,2024-02-16,2024-03-16
P000519,S00057,U0007,2024-03-17 15:00:00,9.99,USD,credit_card,success,2024-03-17,2024-04-15
P000520,S00057,U0007,2024-04-16 09:00:00,9.99,USD,credit_card,success,2024-04-16,2024-05-15
P000521,S00057,U0007,2024-05-16 22:00:00,9.99,USD,credit_card,success,2024-05-16,2024-06-14
P000522,S00057,U0007,2024-06-15 04:00:00,9.99,USD,credit_card,success,2024-06-15,2024-07-14
P000523,S00057,U0007,2024-07-15 21:00:00,9.99,USD,credit_card,success,2024-07-15,2024-08-13
P000524,S00057,U0007,2024-08-14 07:00:00,9.99,USD,credit_card,success,2024-08-14,2024-09-12
P000525,S00057,U0007,2024-09-13 22:00:00,9.99,USD,credit_card,success,2024-09-13,2024-10-12
P000526,S00057,U0007,2024-10-13 03:00:00,9.99,USD,credit_card,failed,2024-10-13,2024-11-11
P000527,S00057,U0007,2024-11-12 12:00:00,9.99,USD,credit_card,success,2024-11-12,2024-12-11
P000528,S00057,U0007,2024-12-12 17:00:00,9.99,USD,credit_card,success,2024-12-12,2025-01-10
P000529,S00057,U0007,2025-01-11 21:00:00,9.99,USD,credit_card,success,2025-01-11,2025-02-09
P000530,S00057,U0007,2025-02-10 05:00:00,9.99,USD,credit_card,success,2025-02-10,2025-03-11
P000531,S00057,U0007,2025-03-12 20:00:00,9.99,USD,credit_card,success,2025-03-12,2025-04-10
P000532,S00058,U0090,2023-07-27 02:00:00,9.99,USD,apple_pay,success,2023-07-27,2023-08-25
P000533,S00058,U0090,2023-08-26 15:00:00,9.99,USD,apple_pay,success,2023-08-26,2023-09-24
P000534,S00058,U0090,2023-09-25 13:00:00,9.99,USD,apple_pay,failed,2023-09-25,2023-10-24
P000535,S00058,U0090,2023-10-25 08:00:00,9.99,USD,apple_pay,success,2023-10-25,2023-11-23
P000536,S00058,U0090,2023-11-24 02:00:00,9.99,USD,apple_pay,success,2023-11-24,2023-12-23
P000537,S00058,U0090,2023-12-24 23:00:00,9.99,USD,apple_pay,success,2023-12-24,2024-01-22
P000538,S00058,U0090,2024-01-23 12:00:00,9.99,USD,apple_pay,success,2024-01-23,2024-02-21
P000539,S00058,U0090,2024-02-22 16:00:00,9.99,USD,apple_pay,success,2024-02-22,2024-03-22
P000540,S00060,U0018,2024-12-31 19:00:00,9.99,USD,credit_card,success,2024-12-31,2025-01-29
P000541,S00060,U0018,2025-01-30 05:00:00,9.99,USD,credit_card,success,2025-01-30,2025-02-28
P000542,S00060,U0018,2025-03-01 14:00:00,9.99,USD,credit_card,success,2025-03-01,2025-03-30
P000543,S00060,U0018,2025-03-31 21:00:00,9.99,USD,credit_card,success,2025-03-31,2025-04-29
P000544,S00063,U0119,2023-08-20 16:00:00,9.99,USD,paypal,failed,2023-08-20,2023-09-18
P000545,S00063,U0119,2023-09-19 01:00:00,9.99,USD,paypal,success,2023-09-19,2023-10-18
P000546,S00063,U0119,2023-10-19 16:00:00,9.99,USD,paypal,success,2023-10-19,2023-11-17
P000547,S00063,U0119,2023-11-18 07:00:00,9.99,USD,paypal,success,2023-11-18,2023-12-17
P000548,S00063,U0119,2023-12-18 21:00:00,9.99,USD,paypal,success,2023-12-18,2024-01-16
P000549,S00063,U0119,2024-01-17 07:00:00,9.99,USD,paypal,success,2024-01-17,2024-02-15
P000550,S00063,U0119,2024-02-16 05:00:00,9.99,USD,paypal,success,2024-02-16,2024-03-16
P000551,S00063,U0119,2024-03-17 08:00:00,9.99,USD,paypal,success,2024-03-17,2024-04-15
P000552,S00063,U0119,2024-04-16 11:00:00,9.99,USD,paypal,success,2024-04-16,2024-05-15
P000553,S00063,U0119,2024-05-16 12:00:00,9.99,USD,paypal,success,2024-05-16,2024-06-14
P000554,S00063,U0119,2024-06-15 16:00:00,9.99,USD,paypal,success,2024-06-15,2024-07-14
P000555,S00063,U0119,2024-07-15 22:00:00,9.99,USD,paypal,success,2024-07-15,2024-08-13
P000556,S00063,U0119,2024-08-14 02:00:00,9.99,USD,paypal,success,2024-08-14,2024-09-12
P000557,S00063,U0119,2024-09-13 23:00:00,9.99,USD,paypal,success,2024-09-13,2024-10-12
P000558,S00063,U0119,2024-10-13 18:00:00,9.99,USD,paypal,success,2024-10-13,2024-11-11
P000559,S00063,U0119,2024-11-12 08:00:00,9.99,USD,paypal,success,2024-11-12,2024-12-11
P000560,S00063,U0119,2024-12-12 06:00:00,9.99,USD,paypal,success,2024-12-12,2025-01-10
P000561,S00063,U0119,2025-01-11 12:00:00,9.99,USD,paypal,success,2025-01-11,2025-02-09
P000562,S00063,U0119,2025-02-10 08:00:00,9.99,USD,paypal,success,2025-02-10,2025-03-11
P000563,S00063,U0119,2025-03-12 16:00:00,9.99,USD,paypal,success,2025-03-12,2025-04-10
P000564,S00063,U0119,2025-04-11 02:00:00,9.99,USD,paypal,success,2025-04-11,2025-05-10
P000565,S00063,U0119,2025-05-11 10:00:00,9.99,USD,paypal,success,2025-05-11,2025-06-09
P000566,S00064,U0164,2022-12-27 16:00:00,19.99,USD,paypal,failed,2022-12-27,2023-01-25
P000567,S00065,U0152,2023-12-24 17:00:00,9.99,USD,bank_transfer,failed,2023-12-24,2024-01-22
P000568,S00065,U0152,2024-01-23 18:00:00,9.99,USD,bank_transfer,success,2024-01-23,2024-02-21
P000569,S00065,U0152,2024-02-22 14:00:00,9.99,USD,bank_transfer,success,2024-02-22,2024-03-22
P000570,S00065,U0152,2024-03-23 18:00:00,9.99,USD,bank_transfer,refunded,2024-03-23,2024-04-21
P000571,S00065,U0152,2024-04-22 07:00:00,9.99,USD,bank_transfer,success,2024-04-22,2024-05-21
P000572,S00065,U0152,2024-05-22 14:00:00,9.99,USD,bank_transfer,success,2024-05-22,2024-06-20
P000573,S00065,U0152,2024-06-21 18:00:00,9.99,USD,bank_transfer,success,2024-06-21,2024-07-20
P000574,S00065,U0152,2024-07-21 15:00:00,9.99,USD,bank_transfer,success,2024-07-21,2024-08-19
P000575,S00068,U0153,2024-09-27 02:00:00,9.99,USD,credit_card,success,2024-09-27,2024-10-26
P000576,S00068,U0153,2024-10-27 07:00:00,9.99,USD,credit_card,success,2024-10-27,2024-11-25
P000577,S00068,U0153,2024-11-26 07:00:00,9.99,USD,credit_card,success,2024-11-26,2024-12-25
P000578,S00068,U0153,2024-12-26 13:00:00,9.99,USD,credit_card,success,2024-12-26,2025-01-24
P000579,S00068,U0153,2025-01-25 16:00:00,9.99,USD,credit_card,failed,2025-01-25,2025-02-23
P000580,S00068,U0153,2025-02-24 22:00:00,9.99,USD,credit_card,success,2025-02-24,2025-03-25
P000581,S00068,U0153,2025-03-26 07:00:00,9.99,USD,credit_card,success,2025-03-26,2025-04-24
P000582,S00068,U0153,2025-04-25 12:00:00,9.99,USD,credit_card,success,2025-04-25,2025-05-24
P000583,S00068,U0153,2025-05-25 10:00:00,9.99,USD,credit_card,success,2025-05-25,2025-06-23
P000584,S00068,U0153,2025-06-24 05:00:00,9.99,USD,credit_card,success,2025-06-24,2025-07-23
P000585,S00068,U0153,2025-07-24 11:00:00,9.99,USD,credit_card,success,2025-07-24,2025-08-22
P000586,S00068,U0153,2025-08-23 18:00:00,9.99,USD,credit_card,success,2025-08-23,2025-09-21
P000587,S00068,U0153,2025-09-22 23:00:00,9.99,USD,credit_card,success,2025-09-22,2025-10-21
P000588,S00068,U0153,2025-10-22 06:00:00,9.99,USD,credit_card,success,2025-10-22,2025-11-20
P000589,S00068,U0153,2025-11-21 06:00:00,9.99,USD,credit_card,success,2025-11-21,2025-12-20
P000590,S00068,U0153,2025-12-21 07:00:00,9.99,USD,credit_card,success,2025-12-21,2026-01-19
P000591,S00068,U0153,2026-01-20 06:00:00,9.99,USD,credit_card,success,2026-01-20,2026-02-18
P000592,S00068,U0153,2026-02-19 07:00:00,9.99,USD,credit_card,success,2026-02-19,2026-03-20
P000593,S00068,U0153,2026-03-21 11:00:00,9.99,USD,credit_card,success,2026-03-21,2026-04-19
P000594,S00068,U0153,2026-04-20 03:00:00,9.99,USD,credit_card,success,2026-04-20,2026-05-19
P000595,S00068,U0153,2026-05-20 02:00:00,9.99,USD,credit_card,success,2026-05-20,2026-06-18
P000596,S00069,U0091,2024-11-09 21:00:00,19.99,USD,bank_transfer,success,2024-11-09,2024-12-08
P000597,S00069,U0091,2024-12-09 00:00:00,19.99,USD,bank_transfer,success,2024-12-09,2025-01-07
P000598,S00069,U0091,2025-01-08 17:00:00,19.99,USD,bank_transfer,success,2025-01-08,2025-02-06
P000599,S00069,U0091,2025-02-07 15:00:00,19.99,USD,bank_transfer,failed,2025-02-07,2025-03-08
P000600,S00069,U0091,2025-03-09 10:00:00,19.99,USD,bank_transfer,success,2025-03-09,2025-04-07
P000601,S00069,U0091,2025-04-08 18:00:00,19.99,USD,bank_transfer,success,2025-04-08,2025-05-07
P000602,S00071,U0047,2022-05-11 15:00:00,9.99,USD,apple_pay,success,2022-05-11,2022-06-09
P000603,S00071,U0047,2022-06-10 16:00:00,9.99,USD,apple_pay,success,2022-06-10,2022-07-09
P000604,S00071,U0047,2022-07-10 07:00:00,9.99,USD,apple_pay,success,2022-07-10,2022-08-08
P000605,S00071,U0047,2022-08-09 04:00:00,9.99,USD,apple_pay,success,2022-08-09,2022-09-07
P000606,S00071,U0047,2022-09-08 13:00:00,9.99,USD,apple_pay,success,2022-09-08,2022-10-07
P000607,S00071,U0047,2022-10-08 17:00:00,9.99,USD,apple_pay,success,2022-10-08,2022-11-06
P000608,S00071,U0047,2022-11-07 11:00:00,9.99,USD,apple_pay,success,2022-11-07,2022-12-06
P000609,S00071,U0047,2022-12-07 21:00:00,9.99,USD,apple_pay,success,2022-12-07,2023-01-05
P000610,S00071,U0047,2023-01-06 14:00:00,9.99,USD,apple_pay,success,2023-01-06,2023-02-04
P000611,S00071,U0047,2023-02-05 22:00:00,9.99,USD,apple_pay,refunded,2023-02-05,2023-03-06
P000612,S00071,U0047,2023-03-07 10:00:00,9.99,USD,apple_pay,success,2023-03-07,2023-04-05
P000613,S00071,U0047,2023-04-06 00:00:00,9.99,USD,apple_pay,success,2023-04-06,2023-05-05
P000614,S00071,U0047,2023-05-06 12:00:00,9.99,USD,apple_pay,success,2023-05-06,2023-06-04
P000615,S00071,U0047,2023-06-05 10:00:00,9.99,USD,apple_pay,success,2023-06-05,2023-07-04
P000616,S00071,U0047,2023-07-05 08:00:00,9.99,USD,apple_pay,success,2023-07-05,2023-08-03
P000617,S00071,U0047,2023-08-04 08:00:00,9.99,USD,apple_pay,success,2023-08-04,2023-09-02
P000618,S00071,U0047,2023-09-03 15:00:00,9.99,USD,apple_pay,success,2023-09-03,2023-10-02
P000619,S00071,U0047,2023-10-03 10:00:00,9.99,USD,apple_pay,failed,2023-10-03,2023-11-01
P000620,S00072,U0148,2024-10-03 15:00:00,9.99,USD,google_pay,success,2024-10-03,2024-11-01
P000621,S00072,U0148,2024-11-02 13:00:00,9.99,USD,google_pay,success,2024-11-02,2024-12-01
P000622,S00072,U0148,2024-12-02 11:00:00,9.99,USD,google_pay,success,2024-12-02,2024-12-31
P000623,S00072,U0148,2025-01-01 12:00:00,9.99,USD,google_pay,success,2025-01-01,2025-01-30
P000624,S00072,U0148,2025-01-31 05:00:00,9.99,USD,google_pay,success,2025-01-31,2025-03-01
P000625,S00072,U0148,2025-03-02 18:00:00,9.99,USD,google_pay,success,2025-03-02,2025-03-31
P000626,S00072,U0148,2025-04-01 03:00:00,9.99,USD,google_pay,success,2025-04-01,2025-04-30
P000627,S00072,U0148,2025-05-01 07:00:00,9.99,USD,google_pay,success,2025-05-01,2025-05-30
P000628,S00072,U0148,2025-05-31 12:00:00,9.99,USD,google_pay,success,2025-05-31,2025-06-29
P000629,S00072,U0148,2025-06-30 23:00:00,9.99,USD,google_pay,success,2025-06-30,2025-07-29
P000630,S00072,U0148,2025-07-30 00:00:00,9.99,USD,google_pay,success,2025-07-30,2025-08-28
P000631,S00072,U0148,2025-08-29 15:00:00,9.99,USD,google_pay,success,2025-08-29,2025-09-27
P000632,S00072,U0148,2025-09-28 20:00:00,9.99,USD,google_pay,success,2025-09-28,2025-10-27
P000633,S00072,U0148,2025-10-28 23:00:00,9.99,USD,google_pay,success,2025-10-28,2025-11-26
P000634,S00072,U0148,2025-11-27 15:00:00,9.99,USD,google_pay,success,2025-11-27,2025-12-26
P000635,S00072,U0148,2025-12-27 17:00:00,9.99,USD,google_pay,success,2025-12-27,2026-01-25
P000636,S00072,U0148,2026-01-26 01:00:00,9.99,USD,google_pay,success,2026-01-26,2026-02-24
P000637,S00074,U0116,2024-11-15 22:00:00,9.99,USD,credit_card,success,2024-11-15,2024-12-14
P000638,S00074,U0116,2024-12-15 06:00:00,9.99,USD,credit_card,success,2024-12-15,2025-01-13
P000639,S00074,U0116,2025-01-14 15:00:00,9.99,USD,credit_card,success,2025-01-14,2025-02-12
P000640,S00074,U0116,2025-02-13 03:00:00,9.99,USD,credit_card,success,2025-02-13,2025-03-14
P000641,S00074,U0116,2025-03-15 10:00:00,9.99,USD,credit_card,success,2025-03-15,2025-04-13
P000642,S00074,U0116,2025-04-14 11:00:00,9.99,USD,credit_card,success,2025-04-14,2025-05-13
P000643,S00074,U0116,2025-05-14 08:00:00,9.99,USD,credit_card,success,2025-05-14,2025-06-12
P000644,S00074,U0116,2025-06-13 13:00:00,9.99,USD,credit_card,success,2025-06-13,2025-07-12
P000645,S00074,U0116,2025-07-13 21:00:00,9.99,USD,credit_card,success,2025-07-13,2025-08-11
P000646,S00074,U0116,2025-08-12 06:00:00,9.99,USD,credit_card,refunded,2025-08-12,2025-09-10
P000647,S00074,U0116,2025-09-11 20:00:00,9.99,USD,credit_card,success,2025-09-11,2025-10-10
P000648,S00074,U0116,2025-10-11 05:00:00,9.99,USD,credit_card,success,2025-10-11,2025-11-09
P000649,S00074,U0116,2025-11-10 09:00:00,9.99,USD,credit_card,refunded,2025-11-10,2025-12-09
P000650,S00076,U0105,2024-11-01 21:00:00,19.99,USD,apple_pay,success,2024-11-01,2024-11-30
P000651,S00076,U0105,2024-12-01 23:00:00,19.99,USD,apple_pay,success,2024-12-01,2024-12-30
P000652,S00076,U0105,2024-12-31 02:00:00,19.99,USD,apple_pay,success,2024-12-31,2025-01-29
P000653,S00076,U0105,2025-01-30 09:00:00,19.99,USD,apple_pay,success,2025-01-30,2025-02-28
P000654,S00076,U0105,2025-03-01 04:00:00,19.99,USD,apple_pay,success,2025-03-01,2025-03-30
P000655,S00076,U0105,2025-03-31 20:00:00,19.99,USD,apple_pay,success,2025-03-31,2025-04-29
P000656,S00076,U0105,2025-04-30 10:00:00,19.99,USD,apple_pay,success,2025-04-30,2025-05-29
P000657,S00076,U0105,2025-05-30 19:00:00,19.99,USD,apple_pay,success,2025-05-30,2025-06-28
P000658,S00076,U0105,2025-06-29 02:00:00,19.99,USD,apple_pay,success,2025-06-29,2025-07-28
P000659,S00076,U0105,2025-07-29 10:00:00,19.99,USD,apple_pay,success,2025-07-29,2025-08-27
P000660,S00076,U0105,2025-08-28 10:00:00,19.99,USD,apple_pay,success,2025-08-28,2025-09-26
P000661,S00076,U0105,2025-09-27 22:00:00,19.99,USD,apple_pay,success,2025-09-27,2025-10-26
P000662,S00076,U0105,2025-10-27 20:00:00,19.99,USD,apple_pay,success,2025-10-27,2025-11-25
P000663,S00076,U0105,2025-11-26 14:00:00,19.99,USD,apple_pay,success,2025-11-26,2025-12-25
P000664,S00076,U0105,2025-12-26 11:00:00,19.99,USD,apple_pay,success,2025-12-26,2026-01-24
P000665,S00076,U0105,2026-01-25 16:00:00,19.99,USD,apple_pay,success,2026-01-25,2026-02-23
P000666,S00077,U0022,2024-12-22 13:00:00,9.99,USD,bank_transfer,refunded,2024-12-22,2025-01-20
P000667,S00077,U0022,2025-01-21 00:00:00,9.99,USD,bank_transfer,success,2025-01-21,2025-02-19
P000668,S00077,U0022,2025-02-20 07:00:00,9.99,USD,bank_transfer,success,2025-02-20,2025-03-21
P000669,S00077,U0022,2025-03-22 23:00:00,9.99,USD,bank_transfer,success,2025-03-22,2025-04-20
P000670,S00077,U0022,2025-04-21 02:00:00,9.99,USD,bank_transfer,success,2025-04-21,2025-05-20
P000671,S00077,U0022,2025-05-21 12:00:00,9.99,USD,bank_transfer,success,2025-05-21,2025-06-19
P000672,S00077,U0022,2025-06-20 02:00:00,9.99,USD,bank_transfer,success,2025-06-20,2025-07-19
P000673,S00077,U0022,2025-07-20 15:00:00,9.99,USD,bank_transfer,failed,2025-07-20,2025-08-18
P000674,S00078,U0071,2023-07-13 00:00:00,9.99,USD,google_pay,success,2023-07-13,2023-08-11
P000675,S00078,U0071,2023-08-12 16:00:00,9.99,USD,google_pay,success,2023-08-12,2023-09-10
P000676,S00078,U0071,2023-09-11 02:00:00,9.99,USD,google_pay,success,2023-09-11,2023-10-10
P000677,S00078,U0071,2023-10-11 19:00:00,9.99,USD,google_pay,success,2023-10-11,2023-11-09
P000678,S00078,U0071,2023-11-10 20:00:00,9.99,USD,google_pay,success,2023-11-10,2023-12-09
P000679,S00078,U0071,2023-12-10 12:00:00,9.99,USD,google_pay,failed,2023-12-10,2024-01-08
P000680,S00079,U0141,2023-11-23 07:00:00,9.99,USD,google_pay,success,2023-11-23,2023-12-22
P000681,S00079,U0141,2023-12-23 14:00:00,9.99,USD,google_pay,success,2023-12-23,2024-01-21
P000682,S00079,U0141,2024-01-22 04:00:00,9.99,USD,google_pay,success,2024-01-22,2024-02-20
P000683,S00079,U0141,2024-02-21 05:00:00,9.99,USD,google_pay,success,2024-02-21,2024-03-21
P000684,S00080,U0139,2022-06-12 21:00:00,19.99,USD,paypal,success,2022-06-12,2022-07-11
P000685,S00080,U0139,2022-07-12 10:00:00,19.99,USD,paypal,success,2022-07-12,2022-08-10
P000686,S00080,U0139,2022-08-11 14:00:00,19.99,USD,paypal,success,2022-08-11,2022-09-09
P000687,S00080,U0139,2022-09-10 17:00:00,19.99,USD,paypal,refunded,2022-09-10,2022-10-09
P000688,S00080,U0139,2022-10-10 17:00:00,19.99,USD,paypal,failed,2022-10-10,2022-11-08
P000689,S00080,U0139,2022-11-09 22:00:00,19.99,USD,paypal,success,2022-11-09,2022-12-08
P000690,S00080,U0139,2022-12-09 18:00:00,19.99,USD,paypal,success,2022-12-09,2023-01-07
P000691,S00080,U0139,2023-01-08 20:00:00,19.99,USD,paypal,success,2023-01-08,2023-02-06
P000692,S00080,U0139,2023-02-07 18:00:00,19.99,USD,paypal,success,2023-02-07,2023-03-08
P000693,S00080,U0139,2023-03-09 20:00:00,19.99,USD,paypal,success,2023-03-09,2023-04-07
P000694,S00080,U0139,2023-04-08 09:00:00,19.99,USD,paypal,success,2023-04-08,2023-05-07
P000695,S00080,U0139,2023-05-08 15:00:00,19.99,USD,paypal,failed,2023-05-08,2023-06-06
P000696,S00080,U0139,2023-06-07 02:00:00,19.99,USD,paypal,success,2023-06-07,2023-07-06
P000697,S00080,U0139,2023-07-07 11:00:00,19.99,USD,paypal,success,2023-07-07,2023-08-05
P000698,S00080,U0139,2023-08-06 04:00:00,19.99,USD,paypal,success,2023-08-06,2023-09-04
P000699,S00080,U0139,2023-09-05 00:00:00,19.99,USD,paypal,success,2023-09-05,2023-10-04
P000700,S00081,U0027,2023-02-28 04:00:00,19.99,USD,apple_pay,success,2023-02-28,2023-03-29
P000701,S00081,U0027,2023-03-30 15:00:00,19.99,USD,apple_pay,success,2023-03-30,2023-04-28
P000702,S00081,U0027,2023-04-29 22:00:00,19.99,USD,apple_pay,success,2023-04-29,2023-05-28
P000703,S00081,U0027,2023-05-29 15:00:00,19.99,USD,apple_pay,failed,2023-05-29,2023-06-27
P000704,S00081,U0027,2023-06-28 13:00:00,19.99,USD,apple_pay,success,2023-06-28,2023-07-27
P000705,S00081,U0027,2023-07-28 19:00:00,19.99,USD,apple_pay,success,2023-07-28,2023-08-26
P000706,S00081,U0027,2023-08-27 00:00:00,19.99,USD,apple_pay,success,2023-08-27,2023-09-25
P000707,S00081,U0027,2023-09-26 06:00:00,19.99,USD,apple_pay,success,2023-09-26,2023-10-25
P000708,S00081,U0027,2023-10-26 17:00:00,19.99,USD,apple_pay,success,2023-10-26,2023-11-24
P000709,S00081,U0027,2023-11-25 07:00:00,19.99,USD,apple_pay,success,2023-11-25,2023-12-24
P000710,S00081,U0027,2023-12-25 23:00:00,19.99,USD,apple_pay,success,2023-12-25,2024-01-23
P000711,S00082,U0090,2022-07-15 12:00:00,19.99,USD,paypal,success,2022-07-15,2022-08-13
P000712,S00082,U0090,2022-08-14 02:00:00,19.99,USD,paypal,success,2022-08-14,2022-09-12
P000713,S00082,U0090,2022-09-13 07:00:00,19.99,USD,paypal,success,2022-09-13,2022-10-12
P000714,S00082,U0090,2022-10-13 19:00:00,19.99,USD,paypal,success,2022-10-13,2022-11-11
P000715,S00082,U0090,2022-11-12 21:00:00,19.99,USD,paypal,success,2022-11-12,2022-12-11
P000716,S00082,U0090,2022-12-12 20:00:00,19.99,USD,paypal,success,2022-12-12,2023-01-10
P000717,S00082,U0090,2023-01-11 08:00:00,19.99,USD,paypal,success,2023-01-11,2023-02-09
P000718,S00082,U0090,2023-02-10 02:00:00,19.99,USD,paypal,success,2023-02-10,2023-03-11
P000719,S00082,U0090,2023-03-12 09:00:00,19.99,USD,paypal,success,2023-03-12,2023-04-10
P000720,S00082,U0090,2023-04-11 14:00:00,19.99,USD,paypal,success,2023-04-11,2023-05-10
P000721,S00082,U0090,2023-05-11 08:00:00,19.99,USD,paypal,success,2023-05-11,2023-06-09
P000722,S00082,U0090,2023-06-10 15:00:00,19.99,USD,paypal,success,2023-06-10,2023-07-09
P000723,S00082,U0090,2023-07-10 00:00:00,19.99,USD,paypal,success,2023-07-10,2023-08-08
P000724,S00082,U0090,2023-08-09 17:00:00,19.99,USD,paypal,success,2023-08-09,2023-09-07
P000725,S00082,U0090,2023-09-08 03:00:00,19.99,USD,paypal,success,2023-09-08,2023-10-07
P000726,S00083,U0189,2023-07-06 04:00:00,9.99,USD,paypal,success,2023-07-06,2023-08-04
P000727,S00083,U0189,2023-08-05 23:00:00,9.99,USD,paypal,success,2023-08-05,2023-09-03
P000728,S00083,U0189,2023-09-04 02:00:00,9.99,USD,paypal,success,2023-09-04,2023-10-03
P000729,S00083,U0189,2023-10-04 15:00:00,9.99,USD,paypal,success,2023-10-04,2023-11-02
P000730,S00083,U0189,2023-11-03 13:00:00,9.99,USD,paypal,success,2023-11-03,2023-12-02
P000731,S00083,U0189,2023-12-03 15:00:00,9.99,USD,paypal,success,2023-12-03,2024-01-01
P000732,S00083,U0189,2024-01-02 14:00:00,9.99,USD,paypal,refunded,2024-01-02,2024-01-31
P000733,S00083,U0189,2024-02-01 01:00:00,9.99,USD,paypal,success,2024-02-01,2024-03-01
P000734,S00083,U0189,2024-03-02 04:00:00,9.99,USD,paypal,success,2024-03-02,2024-03-31
P000735,S00083,U0189,2024-04-01 12:00:00,9.99,USD,paypal,success,2024-04-01,2024-04-30
P000736,S00083,U0189,2024-05-01 15:00:00,9.99,USD,paypal,success,2024-05-01,2024-05-30
P000737,S00083,U0189,2024-05-31 08:00:00,9.99,USD,paypal,success,2024-05-31,2024-06-29
P000738,S00083,U0189,2024-06-30 00:00:00,9.99,USD,paypal,success,2024-06-30,2024-07-29
P000739,S00083,U0189,2024-07-30 22:00:00,9.99,USD,paypal,success,2024-07-30,2024-08-28
P000740,S00083,U0189,2024-08-29 14:00:00,9.99,USD,paypal,success,2024-08-29,2024-09-27
P000741,S00083,U0189,2024-09-28 01:00:00,9.99,USD,paypal,success,2024-09-28,2024-10-27
P000742,S00083,U0189,2024-10-28 23:00:00,9.99,USD,paypal,success,2024-10-28,2024-11-26
P000743,S00083,U0189,2024-11-27 16:00:00,9.99,USD,paypal,success,2024-11-27,2024-12-26
P000744,S00083,U0189,2024-12-27 06:00:00,9.99,USD,paypal,success,2024-12-27,2025-01-25
P000745,S00083,U0189,2025-01-26 21:00:00,9.99,USD,paypal,success,2025-01-26,2025-02-24
P000746,S00083,U0189,2025-02-25 10:00:00,9.99,USD,paypal,refunded,2025-02-25,2025-03-26
P000747,S00084,U0053,2024-12-28 23:00:00,19.99,USD,bank_transfer,success,2024-12-28,2025-01-26
P000748,S00084,U0053,2025-01-27 17:00:00,19.99,USD,bank_transfer,success,2025-01-27,2025-02-25
P000749,S00084,U0053,2025-02-26 08:00:00,19.99,USD,bank_transfer,success,2025-02-26,2025-03-27
P000750,S00085,U0153,2024-09-09 09:00:00,9.99,USD,bank_transfer,success,2024-09-09,2024-10-08
P000751,S00085,U0153,2024-10-09 01:00:00,9.99,USD,bank_transfer,success,2024-10-09,2024-11-07
P000752,S00085,U0153,2024-11-08 06:00:00,9.99,USD,bank_transfer,success,2024-11-08,2024-12-07
P000753,S00085,U0153,2024-12-08 07:00:00,9.99,USD,bank_transfer,refunded,2024-12-08,2025-01-06
P000754,S00085,U0153,2025-01-07 10:00:00,9.99,USD,bank_transfer,success,2025-01-07,2025-02-05
P000755,S00085,U0153,2025-02-06 08:00:00,9.99,USD,bank_transfer,success,2025-02-06,2025-03-07
P000756,S00085,U0153,2025-03-08 12:00:00,9.99,USD,bank_transfer,success,2025-03-08,2025-04-06
P000757,S00085,U0153,2025-04-07 00:00:00,9.99,USD,bank_transfer,success,2025-04-07,2025-05-06
P000758,S00085,U0153,2025-05-07 18:00:00,9.99,USD,bank_transfer,refunded,2025-05-07,2025-06-05
P000759,S00085,U0153,2025-06-06 15:00:00,9.99,USD,bank_transfer,success,2025-06-06,2025-07-05
P000760,S00086,U0132,2024-07-07 04:00:00,19.99,USD,apple_pay,success,2024-07-07,2024-08-05
P000761,S00086,U0132,2024-08-06 02:00:00,19.99,USD,apple_pay,success,2024-08-06,2024-09-04
P000762,S00086,U0132,2024-09-05 15:00:00,19.99,USD,apple_pay,success,2024-09-05,2024-10-04
P000763,S00086,U0132,2024-10-05 19:00:00,19.99,USD,apple_pay,success,2024-10-05,2024-11-03
P000764,S00087,U0071,2023-01-28 20:00:00,19.99,USD,paypal,success,2023-01-28,2023-02-26
P000765,S00087,U0071,2023-02-27 11:00:00,19.99,USD,paypal,success,2023-02-27,2023-03-28
P000766,S00087,U0071,2023-03-29 22:00:00,19.99,USD,paypal,success,2023-03-29,2023-04-27
P000767,S00087,U0071,2023-04-28 03:00:00,19.99,USD,paypal,success,2023-04-28,2023-05-27
P000768,S00087,U0071,2023-05-28 07:00:00,19.99,USD,paypal,success,2023-05-28,2023-06-26
P000769,S00088,U0064,2024-05-15 17:00:00,19.99,USD,apple_pay,success,2024-05-15,2024-06-13
P000770,S00088,U0064,2024-06-14 11:00:00,19.99,USD,apple_pay,success,2024-06-14,2024-07-13
P000771,S00088,U0064,2024-07-14 14:00:00,19.99,USD,apple_pay,success,2024-07-14,2024-08-12
P000772,S00088,U0064,2024-08-13 00:00:00,19.99,USD,apple_pay,success,2024-08-13,2024-09-11
P000773,S00088,U0064,2024-09-12 11:00:00,19.99,USD,apple_pay,success,2024-09-12,2024-10-11
P000774,S00088,U0064,2024-10-12 08:00:00,19.99,USD,apple_pay,success,2024-10-12,2024-11-10
P000775,S00088,U0064,2024-11-11 15:00:00,19.99,USD,apple_pay,success,2024-11-11,2024-12-10
P000776,S00088,U0064,2024-12-11 17:00:00,19.99,USD,apple_pay,success,2024-12-11,2025-01-09
P000777,S00088,U0064,2025-01-10 22:00:00,19.99,USD,apple_pay,success,2025-01-10,2025-02-08
P000778,S00088,U0064,2025-02-09 18:00:00,19.99,USD,apple_pay,success,2025-02-09,2025-03-10
P000779,S00088,U0064,2025-03-11 11:00:00,19.99,USD,apple_pay,success,2025-03-11,2025-04-09
P000780,S00088,U0064,2025-04-10 14:00:00,19.99,USD,apple_pay,success,2025-04-10,2025-05-09
P000781,S00088,U0064,2025-05-10 19:00:00,19.99,USD,apple_pay,success,2025-05-10,2025-06-08
P000782,S00088,U0064,2025-06-09 17:00:00,19.99,USD,apple_pay,failed,2025-06-09,2025-07-08
P000783,S00089,U0148,2024-12-01 16:00:00,9.99,USD,apple_pay,success,2024-12-01,2024-12-30
P000784,S00089,U0148,2024-12-31 09:00:00,9.99,USD,apple_pay,success,2024-12-31,2025-01-29
P000785,S00089,U0148,2025-01-30 17:00:00,9.99,USD,apple_pay,success,2025-01-30,2025-02-28
P000786,S00089,U0148,2025-03-01 00:00:00,9.99,USD,apple_pay,success,2025-03-01,2025-03-30
P000787,S00089,U0148,2025-03-31 16:00:00,9.99,USD,apple_pay,success,2025-03-31,2025-04-29
P000788,S00089,U0148,2025-04-30 05:00:00,9.99,USD,apple_pay,success,2025-04-30,2025-05-29
P000789,S00089,U0148,2025-05-30 19:00:00,9.99,USD,apple_pay,success,2025-05-30,2025-06-28
P000790,S00089,U0148,2025-06-29 19:00:00,9.99,USD,apple_pay,success,2025-06-29,2025-07-28
P000791,S00089,U0148,2025-07-29 23:00:00,9.99,USD,apple_pay,success,2025-07-29,2025-08-27
P000792,S00089,U0148,2025-08-28 17:00:00,9.99,USD,apple_pay,success,2025-08-28,2025-09-26
P000793,S00089,U0148,2025-09-27 06:00:00,9.99,USD,apple_pay,success,2025-09-27,2025-10-26
P000794,S00089,U0148,2025-10-27 15:00:00,9.99,USD,apple_pay,success,2025-10-27,2025-11-25
P000795,S00089,U0148,2025-11-26 04:00:00,9.99,USD,apple_pay,success,2025-11-26,2025-12-25
P000796,S00090,U0163,2024-04-26 10:00:00,19.99,USD,google_pay,success,2024-04-26,2024-05-25
P000797,S00090,U0163,2024-05-26 10:00:00,19.99,USD,google_pay,success,2024-05-26,2024-06-24
P000798,S00090,U0163,2024-06-25 16:00:00,19.99,USD,google_pay,success,2024-06-25,2024-07-24
P000799,S00090,U0163,2024-07-25 01:00:00,19.99,USD,google_pay,success,2024-07-25,2024-08-23
P000800,S00090,U0163,2024-08-24 04:00:00,19.99,USD,google_pay,success,2024-08-24,2024-09-22
P000801,S00090,U0163,2024-09-23 01:00:00,19.99,USD,google_pay,success,2024-09-23,2024-10-22
P000802,S00090,U0163,2024-10-23 15:00:00,19.99,USD,google_pay,success,2024-10-23,2024-11-21
P000803,S00090,U0163,2024-11-22 01:00:00,19.99,USD,google_pay,success,2024-11-22,2024-12-21
P000804,S00090,U0163,2024-12-22 12:00:00,19.99,USD,google_pay,success,2024-12-22,2025-01-20
P000805,S00090,U0163,2025-01-21 16:00:00,19.99,USD,google_pay,success,2025-01-21,2025-02-19
P000806,S00090,U0163,2025-02-20 18:00:00,19.99,USD,google_pay,success,2025-02-20,2025-03-21
P000807,S00090,U0163,2025-03-22 11:00:00,19.99,USD,google_pay,success,2025-03-22,2025-04-20
P000808,S00090,U0163,2025-04-21 22:00:00,19.99,USD,google_pay,success,2025-04-21,2025-05-20
P000809,S00090,U0163,2025-05-21 06:00:00,19.99,USD,google_pay,success,2025-05-21,2025-06-19
P000810,S00091,U0178,2024-10-14 02:00:00,19.99,USD,apple_pay,success,2024-10-14,2024-11-12
P000811,S00091,U0178,2024-11-13 20:00:00,19.99,USD,apple_pay,success,2024-11-13,2024-12-12
P000812,S00091,U0178,2024-12-13 17:00:00,19.99,USD,apple_pay,success,2024-12-13,2025-01-11
P000813,S00091,U0178,2025-01-12 13:00:00,19.99,USD,apple_pay,success,2025-01-12,2025-02-10
P000814,S00091,U0178,2025-02-11 22:00:00,19.99,USD,apple_pay,success,2025-02-11,2025-03-12
P000815,S00091,U0178,2025-03-13 19:00:00,19.99,USD,apple_pay,success,2025-03-13,2025-04-11
P000816,S00091,U0178,2025-04-12 01:00:00,19.99,USD,apple_pay,success,2025-04-12,2025-05-11
P000817,S00091,U0178,2025-05-12 09:00:00,19.99,USD,apple_pay,success,2025-05-12,2025-06-10
P000818,S00091,U0178,2025-06-11 06:00:00,19.99,USD,apple_pay,success,2025-06-11,2025-07-10
P000819,S00091,U0178,2025-07-11 03:00:00,19.99,USD,apple_pay,refunded,2025-07-11,2025-08-09
P000820,S00091,U0178,2025-08-10 07:00:00,19.99,USD,apple_pay,success,2025-08-10,2025-09-08
P000821,S00091,U0178,2025-09-09 06:00:00,19.99,USD,apple_pay,success,2025-09-09,2025-10-08
P000822,S00091,U0178,2025-10-09 21:00:00,19.99,USD,apple_pay,success,2025-10-09,2025-11-07
P000823,S00091,U0178,2025-11-08 20:00:00,19.99,USD,apple_pay,success,2025-11-08,2025-12-07
P000824,S00091,U0178,2025-12-08 17:00:00,19.99,USD,apple_pay,failed,2025-12-08,2026-01-06
P000825,S00091,U0178,2026-01-07 13:00:00,19.99,USD,apple_pay,success,2026-01-07,2026-02-05
P000826,S00093,U0163,2024-09-09 20:00:00,19.99,USD,apple_pay,success,2024-09-09,2024-10-08
P000827,S00093,U0163,2024-10-09 21:00:00,19.99,USD,apple_pay,success,2024-10-09,2024-11-07
P000828,S00093,U0163,2024-11-08 21:00:00,19.99,USD,apple_pay,success,2024-11-08,2024-12-07
P000829,S00094,U0110,2024-12-17 03:00:00,19.99,USD,bank_transfer,success,2024-12-17,2025-01-15
P000830,S00094,U0110,2025-01-16 05:00:00,19.99,USD,bank_transfer,success,2025-01-16,2025-02-14
P000831,S00094,U0110,2025-02-15 16:00:00,19.99,USD,bank_transfer,success,2025-02-15,2025-03-16
P000832,S00094,U0110,2025-03-17 05:00:00,19.99,USD,bank_transfer,success,2025-03-17,2025-04-15
P000833,S00094,U0110,2025-04-16 19:00:00,19.99,USD,bank_transfer,success,2025-04-16,2025-05-15
P000834,S00094,U0110,2025-05-16 11:00:00,19.99,USD,bank_transfer,success,2025-05-16,2025-06-14
P000835,S00094,U0110,2025-06-15 17:00:00,19.99,USD,bank_transfer,failed,2025-06-15,2025-07-14
P000836,S00094,U0110,2025-07-15 10:00:00,19.99,USD,bank_transfer,refunded,2025-07-15,2025-08-13
P000837,S00094,U0110,2025-08-14 13:00:00,19.99,USD,bank_transfer,success,2025-08-14,2025-09-12
P000838,S00094,U0110,2025-09-13 13:00:00,19.99,USD,bank_transfer,success,2025-09-13,2025-10-12
P000839,S00095,U0087,2022-07-14 10:00:00,9.99,USD,bank_transfer,success,2022-07-14,2022-08-12
P000840,S00095,U0087,2022-08-13 18:00:00,9.99,USD,bank_transfer,success,2022-08-13,2022-09-11
P000841,S00095,U0087,2022-09-12 12:00:00,9.99,USD,bank_transfer,success,2022-09-12,2022-10-11
P000842,S00095,U0087,2022-10-12 23:00:00,9.99,USD,bank_transfer,success,2022-10-12,2022-11-10
P000843,S00095,U0087,2022-11-11 14:00:00,9.99,USD,bank_transfer,success,2022-11-11,2022-12-10
P000844,S00095,U0087,2022-12-11 12:00:00,9.99,USD,bank_transfer,success,2022-12-11,2023-01-09
P000845,S00095,U0087,2023-01-10 01:00:00,9.99,USD,bank_transfer,success,2023-01-10,2023-02-08
P000846,S00095,U0087,2023-02-09 19:00:00,9.99,USD,bank_transfer,refunded,2023-02-09,2023-03-10
P000847,S00095,U0087,2023-03-11 04:00:00,9.99,USD,bank_transfer,success,2023-03-11,2023-04-09
P000848,S00095,U0087,2023-04-10 09:00:00,9.99,USD,bank_transfer,refunded,2023-04-10,2023-05-09
P000849,S00095,U0087,2023-05-10 07:00:00,9.99,USD,bank_transfer,success,2023-05-10,2023-06-08
P000850,S00095,U0087,2023-06-09 10:00:00,9.99,USD,bank_transfer,success,2023-06-09,2023-07-08
P000851,S00095,U0087,2023-07-09 22:00:00,9.99,USD,bank_transfer,success,2023-07-09,2023-08-07
P000852,S00095,U0087,2023-08-08 17:00:00,9.99,USD,bank_transfer,success,2023-08-08,2023-09-06
P000853,S00095,U0087,2023-09-07 18:00:00,9.99,USD,bank_transfer,success,2023-09-07,2023-10-06
P000854,S00095,U0087,2023-10-07 04:00:00,9.99,USD,bank_transfer,failed,2023-10-07,2023-11-05
P000855,S00095,U0087,2023-11-06 14:00:00,9.99,USD,bank_transfer,success,2023-11-06,2023-12-05
P000856,S00095,U0087,2023-12-06 04:00:00,9.99,USD,bank_transfer,success,2023-12-06,2024-01-04
P000857,S00095,U0087,2024-01-05 18:00:00,9.99,USD,bank_transfer,success,2024-01-05,2024-02-03
P000858,S00095,U0087,2024-02-04 08:00:00,9.99,USD,bank_transfer,success,2024-02-04,2024-03-04
P000859,S00097,U0032,2022-04-25 02:00:00,19.99,USD,credit_card,success,2022-04-25,2022-05-24
P000860,S00097,U0032,2022-05-25 18:00:00,19.99,USD,credit_card,success,2022-05-25,2022-06-23
P000861,S00097,U0032,2022-06-24 23:00:00,19.99,USD,credit_card,failed,2022-06-24,2022-07-23
P000862,S00097,U0032,2022-07-24 10:00:00,19.99,USD,credit_card,success,2022-07-24,2022-08-22
P000863,S00097,U0032,2022-08-23 05:00:00,19.99,USD,credit_card,success,2022-08-23,2022-09-21
P000864,S00097,U0032,2022-09-22 22:00:00,19.99,USD,credit_card,success,2022-09-22,2022-10-21
P000865,S00097,U0032,2022-10-22 03:00:00,19.99,USD,credit_card,success,2022-10-22,2022-11-20
P000866,S00097,U0032,2022-11-21 09:00:00,19.99,USD,credit_card,success,2022-11-21,2022-12-20
P000867,S00097,U0032,2022-12-21 18:00:00,19.99,USD,credit_card,success,2022-12-21,2023-01-19
P000868,S00097,U0032,2023-01-20 01:00:00,19.99,USD,credit_card,success,2023-01-20,2023-02-18
P000869,S00097,U0032,2023-02-19 10:00:00,19.99,USD,credit_card,failed,2023-02-19,2023-03-20
P000870,S00097,U0032,2023-03-21 13:00:00,19.99,USD,credit_card,success,2023-03-21,2023-04-19
P000871,S00097,U0032,2023-04-20 03:00:00,19.99,USD,credit_card,success,2023-04-20,2023-05-19
P000872,S00097,U0032,2023-05-20 07:00:00,19.99,USD,credit_card,success,2023-05-20,2023-06-18
P000873,S00097,U0032,2023-06-19 19:00:00,19.99,USD,credit_card,success,2023-06-19,2023-07-18
P000874,S00097,U0032,2023-07-19 20:00:00,19.99,USD,credit_card,failed,2023-07-19,2023-08-17
P000875,S00098,U0052,2023-05-26 12:00:00,19.99,USD,paypal,success,2023-05-26,2023-06-24
P000876,S00098,U0052,2023-06-25 16:00:00,19.99,USD,paypal,success,2023-06-25,2023-07-24
P000877,S00098,U0052,2023-07-25 17:00:00,19.99,USD,paypal,success,2023-07-25,2023-08-23
P000878,S00098,U0052,2023-08-24 10:00:00,19.99,USD,paypal,success,2023-08-24,2023-09-22
P000879,S00098,U0052,2023-09-23 07:00:00,19.99,USD,paypal,success,2023-09-23,2023-10-22
P000880,S00098,U0052,2023-10-23 21:00:00,19.99,USD,paypal,success,2023-10-23,2023-11-21
P000881,S00098,U0052,2023-11-22 12:00:00,19.99,USD,paypal,success,2023-11-22,2023-12-21
P000882,S00098,U0052,2023-12-22 19:00:00,19.99,USD,paypal,refunded,2023-12-22,2024-01-20
P000883,S00098,U0052,2024-01-21 02:00:00,19.99,USD,paypal,success,2024-01-21,2024-02-19
P000884,S00098,U0052,2024-02-20 09:00:00,19.99,USD,paypal,success,2024-02-20,2024-03-20
P000885,S00098,U0052,2024-03-21 04:00:00,19.99,USD,paypal,success,2024-03-21,2024-04-19
P000886,S00098,U0052,2024-04-20 02:00:00,19.99,USD,paypal,success,2024-04-20,2024-05-19
P000887,S00098,U0052,2024-05-20 23:00:00,19.99,USD,paypal,success,2024-05-20,2024-06-18
P000888,S00098,U0052,2024-06-19 12:00:00,19.99,USD,paypal,success,2024-06-19,2024-07-18
P000889,S00098,U0052,2024-07-19 12:00:00,19.99,USD,paypal,success,2024-07-19,2024-08-17
P000890,S00098,U0052,2024-08-18 22:00:00,19.99,USD,paypal,success,2024-08-18,2024-09-16
P000891,S00098,U0052,2024-09-17 04:00:00,19.99,USD,paypal,success,2024-09-17,2024-10-16
P000892,S00098,U0052,2024-10-17 06:00:00,19.99,USD,paypal,success,2024-10-17,2024-11-15
P000893,S00098,U0052,2024-11-16 20:00:00,19.99,USD,paypal,success,2024-11-16,2024-12-15
P000894,S00098,U0052,2024-12-16 17:00:00,19.99,USD,paypal,success,2024-12-16,2025-01-14
P000895,S00098,U0052,2025-01-15 23:00:00,19.99,USD,paypal,success,2025-01-15,2025-02-13
P000896,S00098,U0052,2025-02-14 07:00:00,19.99,USD,paypal,success,2025-02-14,2025-03-15
P000897,S00098,U0052,2025-03-16 13:00:00,19.99,USD,paypal,success,2025-03-16,2025-04-14
P000898,S00099,U0024,2024-12-02 18:00:00,19.99,USD,paypal,success,2024-12-02,2024-12-31
P000899,S00099,U0024,2025-01-01 21:00:00,19.99,USD,paypal,success,2025-01-01,2025-01-30
P000900,S00099,U0024,2025-01-31 11:00:00,19.99,USD,paypal,success,2025-01-31,2025-03-01
P000901,S00100,U0102,2024-12-23 10:00:00,9.99,USD,credit_card,success,2024-12-23,2025-01-21
P000902,S00100,U0102,2025-01-22 20:00:00,9.99,USD,credit_card,success,2025-01-22,2025-02-20
P000903,S00100,U0102,2025-02-21 09:00:00,9.99,USD,credit_card,success,2025-02-21,2025-03-22
P000904,S00100,U0102,2025-03-23 11:00:00,9.99,USD,credit_card,success,2025-03-23,2025-04-21
P000905,S00100,U0102,2025-04-22 14:00:00,9.99,USD,credit_card,success,2025-04-22,2025-05-21
P000906,S00100,U0102,2025-05-22 14:00:00,9.99,USD,credit_card,success,2025-05-22,2025-06-20
P000907,S00100,U0102,2025-06-21 07:00:00,9.99,USD,credit_card,success,2025-06-21,2025-07-20
P000908,S00100,U0102,2025-07-21 11:00:00,9.99,USD,credit_card,success,2025-07-21,2025-08-19
P000909,S00100,U0102,2025-08-20 23:00:00,9.99,USD,credit_card,success,2025-08-20,2025-09-18
P000910,S00100,U0102,2025-09-19 03:00:00,9.99,USD,credit_card,success,2025-09-19,2025-10-18
P000911,S00100,U0102,2025-10-19 07:00:00,9.99,USD,credit_card,success,2025-10-19,2025-11-17
P000912,S00100,U0102,2025-11-18 04:00:00,9.99,USD,credit_card,failed,2025-11-18,2025-12-17
P000913,S00100,U0102,2025-12-18 09:00:00,9.99,USD,credit_card,success,2025-12-18,2026-01-16
P000914,S00100,U0102,2026-01-17 22:00:00,9.99,USD,credit_card,success,2026-01-17,2026-02-15
P000915,S00100,U0102,2026-02-16 09:00:00,9.99,USD,credit_card,success,2026-02-16,2026-03-17
P000916,S00101,U0001,2023-12-15 00:00:00,9.99,USD,paypal,success,2023-12-15,2024-01-13
P000917,S00101,U0001,2024-01-14 23:00:00,9.99,USD,paypal,success,2024-01-14,2024-02-12
P000918,S00101,U0001,2024-02-13 06:00:00,9.99,USD,paypal,success,2024-02-13,2024-03-13
P000919,S00101,U0001,2024-03-14 08:00:00,9.99,USD,paypal,success,2024-03-14,2024-04-12
P000920,S00101,U0001,2024-04-13 19:00:00,9.99,USD,paypal,success,2024-04-13,2024-05-12
P000921,S00104,U0081,2022-08-25 04:00:00,9.99,USD,paypal,success,2022-08-25,2022-09-23
P000922,S00104,U0081,2022-09-24 21:00:00,9.99,USD,paypal,success,2022-09-24,2022-10-23
P000923,S00104,U0081,2022-10-24 18:00:00,9.99,USD,paypal,success,2022-10-24,2022-11-22
P000924,S00104,U0081,2022-11-23 16:00:00,9.99,USD,paypal,failed,2022-11-23,2022-12-22
P000925,S00104,U0081,2022-12-23 05:00:00,9.99,USD,paypal,success,2022-12-23,2023-01-21
P000926,S00105,U0018,2024-09-20 06:00:00,9.99,USD,paypal,success,2024-09-20,2024-10-19
P000927,S00105,U0018,2024-10-20 19:00:00,9.99,USD,paypal,success,2024-10-20,2024-11-18
P000928,S00105,U0018,2024-11-19 14:00:00,9.99,USD,paypal,success,2024-11-19,2024-12-18
P000929,S00105,U0018,2024-12-19 00:00:00,9.99,USD,paypal,success,2024-12-19,2025-01-17
P000930,S00105,U0018,2025-01-18 21:00:00,9.99,USD,paypal,success,2025-01-18,2025-02-16
P000931,S00105,U0018,2025-02-17 21:00:00,9.99,USD,paypal,success,2025-02-17,2025-03-18
P000932,S00105,U0018,2025-03-19 03:00:00,9.99,USD,paypal,success,2025-03-19,2025-04-17
P000933,S00105,U0018,2025-04-18 20:00:00,9.99,USD,paypal,success,2025-04-18,2025-05-17
P000934,S00105,U0018,2025-05-18 12:00:00,9.99,USD,paypal,success,2025-05-18,2025-06-16
P000935,S00105,U0018,2025-06-17 22:00:00,9.99,USD,paypal,success,2025-06-17,2025-07-16
P000936,S00105,U0018,2025-07-17 10:00:00,9.99,USD,paypal,success,2025-07-17,2025-08-15
P000937,S00105,U0018,2025-08-16 19:00:00,9.99,USD,paypal,success,2025-08-16,2025-09-14
P000938,S00105,U0018,2025-09-15 05:00:00,9.99,USD,paypal,success,2025-09-15,2025-10-14
P000939,S00105,U0018,2025-10-15 14:00:00,9.99,USD,paypal,success,2025-10-15,2025-11-13
P000940,S00105,U0018,2025-11-14 22:00:00,9.99,USD,paypal,success,2025-11-14,2025-12-13
P000941,S00105,U0018,2025-12-14 07:00:00,9.99,USD,paypal,success,2025-12-14,2026-01-12
P000942,S00105,U0018,2026-01-13 09:00:00,9.99,USD,paypal,failed,2026-01-13,2026-02-11
P000943,S00105,U0018,2026-02-12 12:00:00,9.99,USD,paypal,success,2026-02-12,2026-03-13
P000944,S00105,U0018,2026-03-14 00:00:00,9.99,USD,paypal,success,2026-03-14,2026-04-12
P000945,S00105,U0018,2026-04-13 11:00:00,9.99,USD,paypal,success,2026-04-13,2026-05-12
P000946,S00105,U0018,2026-05-13 09:00:00,9.99,USD,paypal,success,2026-05-13,2026-06-11
P000947,S00106,U0090,2024-01-20 16:00:00,19.99,USD,google_pay,success,2024-01-20,2024-02-18
P000948,S00106,U0090,2024-02-19 01:00:00,19.99,USD,google_pay,success,2024-02-19,2024-03-19
P000949,S00106,U0090,2024-03-20 12:00:00,19.99,USD,google_pay,success,2024-03-20,2024-04-18
P000950,S00106,U0090,2024-04-19 00:00:00,19.99,USD,google_pay,success,2024-04-19,2024-05-18
P000951,S00106,U0090,2024-05-19 08:00:00,19.99,USD,google_pay,failed,2024-05-19,2024-06-17
P000952,S00106,U0090,2024-06-18 10:00:00,19.99,USD,google_pay,success,2024-06-18,2024-07-17
P000953,S00108,U0090,2023-03-05 21:00:00,19.99,USD,bank_transfer,success,2023-03-05,2023-04-03
P000954,S00108,U0090,2023-04-04 23:00:00,19.99,USD,bank_transfer,success,2023-04-04,2023-05-03
P000955,S00108,U0090,2023-05-04 21:00:00,19.99,USD,bank_transfer,success,2023-05-04,2023-06-02
P000956,S00108,U0090,2023-06-03 20:00:00,19.99,USD,bank_transfer,success,2023-06-03,2023-07-02
P000957,S00108,U0090,2023-07-03 13:00:00,19.99,USD,bank_transfer,success,2023-07-03,2023-08-01
P000958,S00109,U0064,2023-12-11 04:00:00,9.99,USD,bank_transfer,success,2023-12-11,2024-01-09
P000959,S00109,U0064,2024-01-10 09:00:00,9.99,USD,bank_transfer,success,2024-01-10,2024-02-08
P000960,S00109,U0064,2024-02-09 10:00:00,9.99,USD,bank_transfer,failed,2024-02-09,2024-03-09
P000961,S00109,U0064,2024-03-10 04:00:00,9.99,USD,bank_transfer,success,2024-03-10,2024-04-08
P000962,S00109,U0064,2024-04-09 04:00:00,9.99,USD,bank_transfer,success,2024-04-09,2024-05-08
P000963,S00109,U0064,2024-05-09 21:00:00,9.99,USD,bank_transfer,success,2024-05-09,2024-06-07
P000964,S00109,U0064,2024-06-08 04:00:00,9.99,USD,bank_transfer,success,2024-06-08,2024-07-07
P000965,S00109,U0064,2024-07-08 22:00:00,9.99,USD,bank_transfer,success,2024-07-08,2024-08-06
P000966,S00109,U0064,2024-08-07 04:00:00,9.99,USD,bank_transfer,success,2024-08-07,2024-09-05
P000967,S00109,U0064,2024-09-06 04:00:00,9.99,USD,bank_transfer,success,2024-09-06,2024-10-05
P000968,S00109,U0064,2024-10-06 18:00:00,9.99,USD,bank_transfer,success,2024-10-06,2024-11-04
P000969,S00109,U0064,2024-11-05 10:00:00,9.99,USD,bank_transfer,failed,2024-11-05,2024-12-04
P000970,S00109,U0064,2024-12-05 17:00:00,9.99,USD,bank_transfer,success,2024-12-05,2025-01-03
P000971,S00109,U0064,2025-01-04 03:00:00,9.99,USD,bank_transfer,failed,2025-01-04,2025-02-02
P000972,S00109,U0064,2025-02-03 04:00:00,9.99,USD,bank_transfer,success,2025-02-03,2025-03-04
P000973,S00109,U0064,2025-03-05 10:00:00,9.99,USD,bank_transfer,success,2025-03-05,2025-04-03
P000974,S00109,U0064,2025-04-04 13:00:00,9.99,USD,bank_transfer,success,2025-04-04,2025-05-03
P000975,S00109,U0064,2025-05-04 09:00:00,9.99,USD,bank_transfer,refunded,2025-05-04,2025-06-02
P000976,S00109,U0064,2025-06-03 20:00:00,9.99,USD,bank_transfer,success,2025-06-03,2025-07-02
P000977,S00109,U0064,2025-07-03 08:00:00,9.99,USD,bank_transfer,failed,2025-07-03,2025-08-01
P000978,S00109,U0064,2025-08-02 06:00:00,9.99,USD,bank_transfer,success,2025-08-02,2025-08-31
P000979,S00110,U0169,2024-10-04 05:00:00,19.99,USD,google_pay,success,2024-10-04,2024-11-02
P000980,S00110,U0169,2024-11-03 19:00:00,19.99,USD,google_pay,success,2024-11-03,2024-12-02
P000981,S00110,U0169,2024-12-03 19:00:00,19.99,USD,google_pay,success,2024-12-03,2025-01-01
P000982,S00110,U0169,2025-01-02 07:00:00,19.99,USD,google_pay,success,2025-01-02,2025-01-31
P000983,S00110,U0169,2025-02-01 07:00:00,19.99,USD,google_pay,success,2025-02-01,2025-03-02
P000984,S00110,U0169,2025-03-03 11:00:00,19.99,USD,google_pay,success,2025-03-03,2025-04-01
P000985,S00110,U0169,2025-04-02 15:00:00,19.99,USD,google_pay,success,2025-04-02,2025-05-01
P000986,S00110,U0169,2025-05-02 19:00:00,19.99,USD,google_pay,success,2025-05-02,2025-05-31
P000987,S00110,U0169,2025-06-01 20:00:00,19.99,USD,google_pay,success,2025-06-01,2025-06-30
P000988,S00110,U0169,2025-07-01 12:00:00,19.99,USD,google_pay,success,2025-07-01,2025-07-30
P000989,S00110,U0169,2025-07-31 04:00:00,19.99,USD,google_pay,success,2025-07-31,2025-08-29
P000990,S00110,U0169,2025-08-30 07:00:00,19.99,USD,google_pay,success,2025-08-30,2025-09-28
P000991,S00110,U0169,2025-09-29 00:00:00,19.99,USD,google_pay,success,2025-09-29,2025-10-28
P000992,S00110,U0169,2025-10-29 13:00:00,19.99,USD,google_pay,failed,2025-10-29,2025-11-27
P000993,S00110,U0169,2025-11-28 21:00:00,19.99,USD,google_pay,success,2025-11-28,2025-12-27
P000994,S00110,U0169,2025-12-28 06:00:00,19.99,USD,google_pay,refunded,2025-12-28,2026-01-26
P000995,S00110,U0169,2026-01-27 14:00:00,19.99,USD,google_pay,success,2026-01-27,2026-02-25
P000996,S00110,U0169,2026-02-26 15:00:00,19.99,USD,google_pay,success,2026-02-26,2026-03-27
P000997,S00111,U0192,2024-08-19 14:00:00,9.99,USD,apple_pay,success,2024-08-19,2024-09-17
P000998,S00111,U0192,2024-09-18 13:00:00,9.99,USD,apple_pay,success,2024-09-18,2024-10-17
P000999,S00112,U0029,2025-01-24 01:00:00,9.99,USD,credit_card,success,2025-01-24,2025-02-22
P001000,S00112,U0029,2025-02-23 12:00:00,9.99,USD,credit_card,success,2025-02-23,2025-03-24
P001001,S00112,U0029,2025-03-25 12:00:00,9.99,USD,credit_card,success,2025-03-25,2025-04-23
P001002,S00112,U0029,2025-04-24 23:00:00,9.99,USD,credit_card,success,2025-04-24,2025-05-23
P001003,S00112,U0029,2025-05-24 17:00:00,9.99,USD,credit_card,success,2025-05-24,2025-06-22
P001004,S00112,U0029,2025-06-23 22:00:00,9.99,USD,credit_card,success,2025-06-23,2025-07-22
P001005,S00112,U0029,2025-07-23 16:00:00,9.99,USD,credit_card,success,2025-07-23,2025-08-21
P001006,S00112,U0029,2025-08-22 14:00:00,9.99,USD,credit_card,success,2025-08-22,2025-09-20
P001007,S00112,U0029,2025-09-21 01:00:00,9.99,USD,credit_card,success,2025-09-21,2025-10-20
P001008,S00112,U0029,2025-10-21 07:00:00,9.99,USD,credit_card,success,2025-10-21,2025-11-19
P001009,S00112,U0029,2025-11-20 12:00:00,9.99,USD,credit_card,success,2025-11-20,2025-12-19
P001010,S00112,U0029,2025-12-20 01:00:00,9.99,USD,credit_card,refunded,2025-12-20,2026-01-18
P001011,S00112,U0029,2026-01-19 16:00:00,9.99,USD,credit_card,success,2026-01-19,2026-02-17
P001012,S00112,U0029,2026-02-18 01:00:00,9.99,USD,credit_card,success,2026-02-18,2026-03-19
P001013,S00112,U0029,2026-03-20 14:00:00,9.99,USD,credit_card,success,2026-03-20,2026-04-18
P001014,S00112,U0029,2026-04-19 09:00:00,9.99,USD,credit_card,success,2026-04-19,2026-05-18
P001015,S00112,U0029,2026-05-19 09:00:00,9.99,USD,credit_card,success,2026-05-19,2026-06-17
P001016,S00112,U0029,2026-06-18 13:00:00,9.99,USD,credit_card,success,2026-06-18,2026-07-17
P001017,S00112,U0029,2026-07-18 01:00:00,9.99,USD,credit_card,success,2026-07-18,2026-08-16
P001018,S00114,U0094,2022-12-31 04:00:00,9.99,USD,credit_card,success,2022-12-31,2023-01-29
P001019,S00114,U0094,2023-01-30 20:00:00,9.99,USD,credit_card,success,2023-01-30,2023-02-28
P001020,S00114,U0094,2023-03-01 23:00:00,9.99,USD,credit_card,success,2023-03-01,2023-03-30
P001021,S00114,U0094,2023-03-31 05:00:00,9.99,USD,credit_card,success,2023-03-31,2023-04-29
P001022,S00114,U0094,2023-04-30 22:00:00,9.99,USD,credit_card,success,2023-04-30,2023-05-29
P001023,S00114,U0094,2023-05-30 12:00:00,9.99,USD,credit_card,success,2023-05-30,2023-06-28
P001024,S00114,U0094,2023-06-29 14:00:00,9.99,USD,credit_card,success,2023-06-29,2023-07-28
P001025,S00114,U0094,2023-07-29 14:00:00,9.99,USD,credit_card,success,2023-07-29,2023-08-27
P001026,S00114,U0094,2023-08-28 22:00:00,9.99,USD,credit_card,success,2023-08-28,2023-09-26
P001027,S00114,U0094,2023-09-27 14:00:00,9.99,USD,credit_card,success,2023-09-27,2023-10-26
P001028,S00114,U0094,2023-10-27 10:00:00,9.99,USD,credit_card,success,2023-10-27,2023-11-25
P001029,S00114,U0094,2023-11-26 22:00:00,9.99,USD,credit_card,success,2023-11-26,2023-12-25
P001030,S00114,U0094,2023-12-26 22:00:00,9.99,USD,credit_card,success,2023-12-26,2024-01-24
P001031,S00114,U0094,2024-01-25 02:00:00,9.99,USD,credit_card,success,2024-01-25,2024-02-23
P001032,S00114,U0094,2024-02-24 14:00:00,9.99,USD,credit_card,success,2024-02-24,2024-03-24
P001033,S00114,U0094,2024-03-25 02:00:00,9.99,USD,credit_card,success,2024-03-25,2024-04-23
P001034,S00114,U0094,2024-04-24 12:00:00,9.99,USD,credit_card,success,2024-04-24,2024-05-23
P001035,S00115,U0004,2023-10-04 16:00:00,9.99,USD,google_pay,success,2023-10-04,2023-11-02
P001036,S00115,U0004,2023-11-03 05:00:00,9.99,USD,google_pay,success,2023-11-03,2023-12-02
P001037,S00115,U0004,2023-12-03 12:00:00,9.99,USD,google_pay,success,2023-12-03,2024-01-01
P001038,S00116,U0161,2024-04-21 05:00:00,19.99,USD,apple_pay,success,2024-04-21,2024-05-20
P001039,S00116,U0161,2024-05-21 18:00:00,19.99,USD,apple_pay,failed,2024-05-21,2024-06-19
P001040,S00116,U0161,2024-06-20 04:00:00,19.99,USD,apple_pay,success,2024-06-20,2024-07-19
P001041,S00116,U0161,2024-07-20 04:00:00,19.99,USD,apple_pay,success,2024-07-20,2024-08-18
P001042,S00116,U0161,2024-08-19 22:00:00,19.99,USD,apple_pay,success,2024-08-19,2024-09-17
P001043,S00116,U0161,2024-09-18 09:00:00,19.99,USD,apple_pay,success,2024-09-18,2024-10-17
P001044,S00116,U0161,2024-10-18 14:00:00,19.99,USD,apple_pay,success,2024-10-18,2024-11-16
P001045,S00116,U0161,2024-11-17 05:00:00,19.99,USD,apple_pay,success,2024-11-17,2024-12-16
P001046,S00116,U0161,2024-12-17 04:00:00,19.99,USD,apple_pay,success,2024-12-17,2025-01-15
P001047,S00116,U0161,2025-01-16 00:00:00,19.99,USD,apple_pay,refunded,2025-01-16,2025-02-14
P001048,S00116,U0161,2025-02-15 08:00:00,19.99,USD,apple_pay,success,2025-02-15,2025-03-16
P001049,S00116,U0161,2025-03-17 15:00:00,19.99,USD,apple_pay,success,2025-03-17,2025-04-15
P001050,S00116,U0161,2025-04-16 17:00:00,19.99,USD,apple_pay,success,2025-04-16,2025-05-15
P001051,S00116,U0161,2025-05-16 19:00:00,19.99,USD,apple_pay,success,2025-05-16,2025-06-14
P001052,S00116,U0161,2025-06-15 07:00:00,19.99,USD,apple_pay,success,2025-06-15,2025-07-14
P001053,S00117,U0164,2024-03-22 21:00:00,9.99,USD,credit_card,success,2024-03-22,2024-04-20
P001054,S00117,U0164,2024-04-21 13:00:00,9.99,USD,credit_card,success,2024-04-21,2024-05-20
P001055,S00117,U0164,2024-05-21 19:00:00,9.99,USD,credit_card,success,2024-05-21,2024-06-19
P001056,S00117,U0164,2024-06-20 07:00:00,9.99,USD,credit_card,success,2024-06-20,2024-07-19
P001057,S00117,U0164,2024-07-20 08:00:00,9.99,USD,credit_card,success,2024-07-20,2024-08-18
P001058,S00117,U0164,2024-08-19 17:00:00,9.99,USD,credit_card,success,2024-08-19,2024-09-17
P001059,S00118,U0021,2024-11-20 06:00:00,9.99,USD,google_pay,success,2024-11-20,2024-12-19
P001060,S00118,U0021,2024-12-20 04:00:00,9.99,USD,google_pay,success,2024-12-20,2025-01-18
P001061,S00118,U0021,2025-01-19 11:00:00,9.99,USD,google_pay,success,2025-01-19,2025-02-17
P001062,S00118,U0021,2025-02-18 01:00:00,9.99,USD,google_pay,success,2025-02-18,2025-03-19
P001063,S00118,U0021,2025-03-20 19:00:00,9.99,USD,google_pay,success,2025-03-20,2025-04-18
P001064,S00118,U0021,2025-04-19 02:00:00,9.99,USD,google_pay,success,2025-04-19,2025-05-18
P001065,S00119,U0101,2021-11-24 13:00:00,9.99,USD,paypal,success,2021-11-24,2021-12-23
P001066,S00119,U0101,2021-12-24 05:00:00,9.99,USD,paypal,refunded,2021-12-24,2022-01-22
P001067,S00119,U0101,2022-01-23 19:00:00,9.99,USD,paypal,success,2022-01-23,2022-02-21
P001068,S00119,U0101,2022-02-22 22:00:00,9.99,USD,paypal,success,2022-02-22,2022-03-23
P001069,S00119,U0101,2022-03-24 17:00:00,9.99,USD,paypal,success,2022-03-24,2022-04-22
P001070,S00119,U0101,2022-04-23 14:00:00,9.99,USD,paypal,success,2022-04-23,2022-05-22
P001071,S00119,U0101,2022-05-23 11:00:00,9.99,USD,paypal,success,2022-05-23,2022-06-21
P001072,S00119,U0101,2022-06-22 02:00:00,9.99,USD,paypal,failed,2022-06-22,2022-07-21
P001073,S00119,U0101,2022-07-22 10:00:00,9.99,USD,paypal,success,2022-07-22,2022-08-20
P001074,S00119,U0101,2022-08-21 12:00:00,9.99,USD,paypal,success,2022-08-21,2022-09-19
P001075,S00119,U0101,2022-09-20 13:00:00,9.99,USD,paypal,success,2022-09-20,2022-10-19
P001076,S00121,U0080,2025-01-29 02:00:00,19.99,USD,credit_card,success,2025-01-29,2025-02-27
P001077,S00121,U0080,2025-02-28 04:00:00,19.99,USD,credit_card,success,2025-02-28,2025-03-29
P001078,S00121,U0080,2025-03-30 08:00:00,19.99,USD,credit_card,success,2025-03-30,2025-04-28
P001079,S00121,U0080,2025-04-29 13:00:00,19.99,USD,credit_card,success,2025-04-29,2025-05-28
P001080,S00121,U0080,2025-05-29 22:00:00,19.99,USD,credit_card,success,2025-05-29,2025-06-27
P001081,S00123,U0043,2024-05-05 01:00:00,9.99,USD,credit_card,success,2024-05-05,2024-06-03
P001082,S00123,U0043,2024-06-04 23:00:00,9.99,USD,credit_card,success,2024-06-04,2024-07-03
P001083,S00123,U0043,2024-07-04 16:00:00,9.99,USD,credit_card,refunded,2024-07-04,2024-08-02
P001084,S00123,U0043,2024-08-03 15:00:00,9.99,USD,credit_card,refunded,2024-08-03,2024-09-01
P001085,S00123,U0043,2024-09-02 19:00:00,9.99,USD,credit_card,success,2024-09-02,2024-10-01
P001086,S00123,U0043,2024-10-02 22:00:00,9.99,USD,credit_card,failed,2024-10-02,2024-10-31
P001087,S00123,U0043,2024-11-01 19:00:00,9.99,USD,credit_card,success,2024-11-01,2024-11-30
P001088,S00123,U0043,2024-12-01 08:00:00,9.99,USD,credit_card,success,2024-12-01,2024-12-30
P001089,S00123,U0043,2024-12-31 19:00:00,9.99,USD,credit_card,success,2024-12-31,2025-01-29
P001090,S00123,U0043,2025-01-30 04:00:00,9.99,USD,credit_card,success,2025-01-30,2025-02-28
P001091,S00124,U0110,2022-07-18 15:00:00,9.99,USD,credit_card,success,2022-07-18,2022-08-16
P001092,S00124,U0110,2022-08-17 20:00:00,9.99,USD,credit_card,success,2022-08-17,2022-09-15
P001093,S00124,U0110,2022-09-16 05:00:00,9.99,USD,credit_card,success,2022-09-16,2022-10-15
P001094,S00124,U0110,2022-10-16 07:00:00,9.99,USD,credit_card,success,2022-10-16,2022-11-14
P001095,S00124,U0110,2022-11-15 06:00:00,9.99,USD,credit_card,success,2022-11-15,2022-12-14
P001096,S00124,U0110,2022-12-15 00:00:00,9.99,USD,credit_card,success,2022-12-15,2023-01-13
P001097,S00124,U0110,2023-01-14 03:00:00,9.99,USD,credit_card,success,2023-01-14,2023-02-12
P001098,S00124,U0110,2023-02-13 06:00:00,9.99,USD,credit_card,success,2023-02-13,2023-03-14
P001099,S00124,U0110,2023-03-15 13:00:00,9.99,USD,credit_card,success,2023-03-15,2023-04-13
P001100,S00125,U0117,2024-07-04 10:00:00,9.99,USD,google_pay,success,2024-07-04,2024-08-02
P001101,S00125,U0117,2024-08-03 20:00:00,9.99,USD,google_pay,success,2024-08-03,2024-09-01
P001102,S00125,U0117,2024-09-02 20:00:00,9.99,USD,google_pay,success,2024-09-02,2024-10-01
P001103,S00125,U0117,2024-10-02 09:00:00,9.99,USD,google_pay,success,2024-10-02,2024-10-31
P001104,S00125,U0117,2024-11-01 02:00:00,9.99,USD,google_pay,success,2024-11-01,2024-11-30
P001105,S00125,U0117,2024-12-01 16:00:00,9.99,USD,google_pay,success,2024-12-01,2024-12-30
P001106,S00125,U0117,2024-12-31 00:00:00,9.99,USD,google_pay,success,2024-12-31,2025-01-29
P001107,S00125,U0117,2025-01-30 10:00:00,9.99,USD,google_pay,success,2025-01-30,2025-02-28
P001108,S00125,U0117,2025-03-01 23:00:00,9.99,USD,google_pay,success,2025-03-01,2025-03-30
P001109,S00125,U0117,2025-03-31 00:00:00,9.99,USD,google_pay,success,2025-03-31,2025-04-29
P001110,S00125,U0117,2025-04-30 06:00:00,9.99,USD,google_pay,success,2025-04-30,2025-05-29
P001111,S00125,U0117,2025-05-30 10:00:00,9.99,USD,google_pay,success,2025-05-30,2025-06-28
P001112,S00125,U0117,2025-06-29 15:00:00,9.99,USD,google_pay,failed,2025-06-29,2025-07-28
P001113,S00125,U0117,2025-07-29 01:00:00,9.99,USD,google_pay,failed,2025-07-29,2025-08-27
P001114,S00125,U0117,2025-08-28 15:00:00,9.99,USD,google_pay,success,2025-08-28,2025-09-26
P001115,S00125,U0117,2025-09-27 14:00:00,9.99,USD,google_pay,success,2025-09-27,2025-10-26
P001116,S00125,U0117,2025-10-27 17:00:00,9.99,USD,google_pay,success,2025-10-27,2025-11-25
P001117,S00125,U0117,2025-11-26 14:00:00,9.99,USD,google_pay,success,2025-11-26,2025-12-25
P001118,S00127,U0190,2021-08-05 13:00:00,9.99,USD,credit_card,success,2021-08-05,2021-09-03
P001119,S00128,U0094,2022-11-15 01:00:00,9.99,USD,google_pay,failed,2022-11-15,2022-12-14
P001120,S00128,U0094,2022-12-15 09:00:00,9.99,USD,google_pay,success,2022-12-15,2023-01-13
P001121,S00128,U0094,2023-01-14 21:00:00,9.99,USD,google_pay,success,2023-01-14,2023-02-12
P001122,S00128,U0094,2023-02-13 17:00:00,9.99,USD,google_pay,success,2023-02-13,2023-03-14
P001123,S00128,U0094,2023-03-15 18:00:00,9.99,USD,google_pay,success,2023-03-15,2023-04-13
P001124,S00128,U0094,2023-04-14 11:00:00,9.99,USD,google_pay,success,2023-04-14,2023-05-13
P001125,S00128,U0094,2023-05-14 04:00:00,9.99,USD,google_pay,success,2023-05-14,2023-06-12
P001126,S00129,U0058,2024-06-20 00:00:00,9.99,USD,bank_transfer,success,2024-06-20,2024-07-19
P001127,S00129,U0058,2024-07-20 12:00:00,9.99,USD,bank_transfer,success,2024-07-20,2024-08-18
P001128,S00129,U0058,2024-08-19 05:00:00,9.99,USD,bank_transfer,success,2024-08-19,2024-09-17
P001129,S00129,U0058,2024-09-18 12:00:00,9.99,USD,bank_transfer,success,2024-09-18,2024-10-17
P001130,S00129,U0058,2024-10-18 03:00:00,9.99,USD,bank_transfer,success,2024-10-18,2024-11-16
P001131,S00129,U0058,2024-11-17 09:00:00,9.99,USD,bank_transfer,success,2024-11-17,2024-12-16
P001132,S00129,U0058,2024-12-17 10:00:00,9.99,USD,bank_transfer,success,2024-12-17,2025-01-15
P001133,S00129,U0058,2025-01-16 08:00:00,9.99,USD,bank_transfer,success,2025-01-16,2025-02-14
P001134,S00129,U0058,2025-02-15 15:00:00,9.99,USD,bank_transfer,success,2025-02-15,2025-03-16
P001135,S00129,U0058,2025-03-17 11:00:00,9.99,USD,bank_transfer,success,2025-03-17,2025-04-15
P001136,S00129,U0058,2025-04-16 09:00:00,9.99,USD,bank_transfer,success,2025-04-16,2025-05-15
P001137,S00130,U0147,2024-11-05 09:00:00,9.99,USD,credit_card,success,2024-11-05,2024-12-04
P001138,S00130,U0147,2024-12-05 11:00:00,9.99,USD,credit_card,success,2024-12-05,2025-01-03
P001139,S00130,U0147,2025-01-04 06:00:00,9.99,USD,credit_card,success,2025-01-04,2025-02-02
P001140,S00130,U0147,2025-02-03 14:00:00,9.99,USD,credit_card,failed,2025-02-03,2025-03-04
P001141,S00130,U0147,2025-03-05 15:00:00,9.99,USD,credit_card,success,2025-03-05,2025-04-03
P001142,S00130,U0147,2025-04-04 04:00:00,9.99,USD,credit_card,failed,2025-04-04,2025-05-03
P001143,S00130,U0147,2025-05-04 15:00:00,9.99,USD,credit_card,success,2025-05-04,2025-06-02
P001144,S00130,U0147,2025-06-03 16:00:00,9.99,USD,credit_card,success,2025-06-03,2025-07-02
P001145,S00130,U0147,2025-07-03 10:00:00,9.99,USD,credit_card,success,2025-07-03,2025-08-01
P001146,S00130,U0147,2025-08-02 03:00:00,9.99,USD,credit_card,success,2025-08-02,2025-08-31
P001147,S00130,U0147,2025-09-01 16:00:00,9.99,USD,credit_card,success,2025-09-01,2025-09-30
P001148,S00130,U0147,2025-10-01 04:00:00,9.99,USD,credit_card,success,2025-10-01,2025-10-30
P001149,S00130,U0147,2025-10-31 01:00:00,9.99,USD,credit_card,success,2025-10-31,2025-11-29
P001150,S00130,U0147,2025-11-30 22:00:00,9.99,USD,credit_card,success,2025-11-30,2025-12-29
P001151,S00130,U0147,2025-12-30 03:00:00,9.99,USD,credit_card,success,2025-12-30,2026-01-28
P001152,S00130,U0147,2026-01-29 01:00:00,9.99,USD,credit_card,success,2026-01-29,2026-02-27
P001153,S00130,U0147,2026-02-28 19:00:00,9.99,USD,credit_card,success,2026-02-28,2026-03-29
P001154,S00130,U0147,2026-03-30 10:00:00,9.99,USD,credit_card,success,2026-03-30,2026-04-28
P001155,S00130,U0147,2026-04-29 01:00:00,9.99,USD,credit_card,success,2026-04-29,2026-05-28
P001156,S00130,U0147,2026-05-29 21:00:00,9.99,USD,credit_card,success,2026-05-29,2026-06-27
P001157,S00130,U0147,2026-06-28 00:00:00,9.99,USD,credit_card,success,2026-06-28,2026-07-27
P001158,S00130,U0147,2026-07-28 09:00:00,9.99,USD,credit_card,success,2026-07-28,2026-08-26
P001159,S00130,U0147,2026-08-27 06:00:00,9.99,USD,credit_card,success,2026-08-27,2026-09-25
P001160,S00131,U0058,2022-05-24 06:00:00,19.99,USD,apple_pay,success,2022-05-24,2022-06-22
P001161,S00131,U0058,2022-06-23 17:00:00,19.99,USD,apple_pay,success,2022-06-23,2022-07-22
P001162,S00131,U0058,2022-07-23 14:00:00,19.99,USD,apple_pay,success,2022-07-23,2022-08-21
P001163,S00131,U0058,2022-08-22 08:00:00,19.99,USD,apple_pay,success,2022-08-22,2022-09-20
P001164,S00131,U0058,2022-09-21 08:00:00,19.99,USD,apple_pay,success,2022-09-21,2022-10-20
P001165,S00131,U0058,2022-10-21 19:00:00,19.99,USD,apple_pay,success,2022-10-21,2022-11-19
P001166,S00131,U0058,2022-11-20 03:00:00,19.99,USD,apple_pay,success,2022-11-20,2022-12-19
P001167,S00131,U0058,2022-12-20 11:00:00,19.99,USD,apple_pay,success,2022-12-20,2023-01-18
P001168,S00131,U0058,2023-01-19 08:00:00,19.99,USD,apple_pay,success,2023-01-19,2023-02-17
P001169,S00131,U0058,2023-02-18 22:00:00,19.99,USD,apple_pay,success,2023-02-18,2023-03-19
P001170,S00131,U0058,2023-03-20 18:00:00,19.99,USD,apple_pay,success,2023-03-20,2023-04-18
P001171,S00131,U0058,2023-04-19 02:00:00,19.99,USD,apple_pay,success,2023-04-19,2023-05-18
P001172,S00131,U0058,2023-05-19 10:00:00,19.99,USD,apple_pay,success,2023-05-19,2023-06-17
P001173,S00131,U0058,2023-06-18 01:00:00,19.99,USD,apple_pay,success,2023-06-18,2023-07-17
P001174,S00132,U0199,2024-12-14 15:00:00,19.99,USD,apple_pay,success,2024-12-14,2025-01-12
P001175,S00132,U0199,2025-01-13 01:00:00,19.99,USD,apple_pay,failed,2025-01-13,2025-02-11
P001176,S00132,U0199,2025-02-12 01:00:00,19.99,USD,apple_pay,success,2025-02-12,2025-03-13
P001177,S00133,U0095,2024-01-11 12:00:00,9.99,USD,paypal,success,2024-01-11,2024-02-09
P001178,S00133,U0095,2024-02-10 19:00:00,9.99,USD,paypal,success,2024-02-10,2024-03-10
P001179,S00133,U0095,2024-03-11 20:00:00,9.99,USD,paypal,success,2024-03-11,2024-04-09
P001180,S00133,U0095,2024-04-10 22:00:00,9.99,USD,paypal,success,2024-04-10,2024-05-09
P001181,S00133,U0095,2024-05-10 11:00:00,9.99,USD,paypal,success,2024-05-10,2024-06-08
P001182,S00133,U0095,2024-06-09 06:00:00,9.99,USD,paypal,success,2024-06-09,2024-07-08
P001183,S00133,U0095,2024-07-09 21:00:00,9.99,USD,paypal,success,2024-07-09,2024-08-07
P001184,S00133,U0095,2024-08-08 02:00:00,9.99,USD,paypal,success,2024-08-08,2024-09-06
P001185,S00133,U0095,2024-09-07 14:00:00,9.99,USD,paypal,refunded,2024-09-07,2024-10-06
P001186,S00133,U0095,2024-10-07 02:00:00,9.99,USD,paypal,success,2024-10-07,2024-11-05
P001187,S00133,U0095,2024-11-06 22:00:00,9.99,USD,paypal,success,2024-11-06,2024-12-05
P001188,S00134,U0095,2023-08-20 14:00:00,9.99,USD,paypal,success,2023-08-20,2023-09-18
P001189,S00134,U0095,2023-09-19 20:00:00,9.99,USD,paypal,success,2023-09-19,2023-10-18
P001190,S00134,U0095,2023-10-19 14:00:00,9.99,USD,paypal,success,2023-10-19,2023-11-17
P001191,S00134,U0095,2023-11-18 07:00:00,9.99,USD,paypal,success,2023-11-18,2023-12-17
P001192,S00134,U0095,2023-12-18 19:00:00,9.99,USD,paypal,success,2023-12-18,2024-01-16
P001193,S00134,U0095,2024-01-17 11:00:00,9.99,USD,paypal,success,2024-01-17,2024-02-15
P001194,S00134,U0095,2024-02-16 22:00:00,9.99,USD,paypal,success,2024-02-16,2024-03-16
P001195,S00135,U0002,2024-05-13 10:00:00,19.99,USD,bank_transfer,failed,2024-05-13,2024-06-11
P001196,S00135,U0002,2024-06-12 10:00:00,19.99,USD,bank_transfer,success,2024-06-12,2024-07-11
P001197,S00135,U0002,2024-07-12 00:00:00,19.99,USD,bank_transfer,success,2024-07-12,2024-08-10
P001198,S00135,U0002,2024-08-11 03:00:00,19.99,USD,bank_transfer,success,2024-08-11,2024-09-09
P001199,S00135,U0002,2024-09-10 14:00:00,19.99,USD,bank_transfer,success,2024-09-10,2024-10-09
P001200,S00135,U0002,2024-10-10 09:00:00,19.99,USD,bank_transfer,success,2024-10-10,2024-11-08
P001201,S00135,U0002,2024-11-09 19:00:00,19.99,USD,bank_transfer,success,2024-11-09,2024-12-08
P001202,S00135,U0002,2024-12-09 16:00:00,19.99,USD,bank_transfer,success,2024-12-09,2025-01-07
P001203,S00137,U0027,2023-02-09 22:00:00,9.99,USD,credit_card,success,2023-02-09,2023-03-10
P001204,S00137,U0027,2023-03-11 10:00:00,9.99,USD,credit_card,success,2023-03-11,2023-04-09
P001205,S00137,U0027,2023-04-10 02:00:00,9.99,USD,credit_card,success,2023-04-10,2023-05-09
P001206,S00137,U0027,2023-05-10 17:00:00,9.99,USD,credit_card,success,2023-05-10,2023-06-08
P001207,S00137,U0027,2023-06-09 18:00:00,9.99,USD,credit_card,success,2023-06-09,2023-07-08
P001208,S00137,U0027,2023-07-09 19:00:00,9.99,USD,credit_card,success,2023-07-09,2023-08-07
P001209,S00137,U0027,2023-08-08 05:00:00,9.99,USD,credit_card,success,2023-08-08,2023-09-06
P001210,S00137,U0027,2023-09-07 12:00:00,9.99,USD,credit_card,refunded,2023-09-07,2023-10-06
P001211,S00137,U0027,2023-10-07 06:00:00,9.99,USD,credit_card,success,2023-10-07,2023-11-05
P001212,S00137,U0027,2023-11-06 18:00:00,9.99,USD,credit_card,success,2023-11-06,2023-12-05
P001213,S00137,U0027,2023-12-06 13:00:00,9.99,USD,credit_card,success,2023-12-06,2024-01-04
P001214,S00137,U0027,2024-01-05 10:00:00,9.99,USD,credit_card,success,2024-01-05,2024-02-03
P001215,S00137,U0027,2024-02-04 07:00:00,9.99,USD,credit_card,success,2024-02-04,2024-03-04
P001216,S00137,U0027,2024-03-05 21:00:00,9.99,USD,credit_card,success,2024-03-05,2024-04-03
P001217,S00137,U0027,2024-04-04 22:00:00,9.99,USD,credit_card,success,2024-04-04,2024-05-03
P001218,S00138,U0183,2022-05-04 15:00:00,9.99,USD,apple_pay,success,2022-05-04,2022-06-02
P001219,S00138,U0183,2022-06-03 19:00:00,9.99,USD,apple_pay,success,2022-06-03,2022-07-02
P001220,S00138,U0183,2022-07-03 17:00:00,9.99,USD,apple_pay,success,2022-07-03,2022-08-01
P001221,S00138,U0183,2022-08-02 14:00:00,9.99,USD,apple_pay,success,2022-08-02,2022-08-31
P001222,S00138,U0183,2022-09-01 12:00:00,9.99,USD,apple_pay,success,2022-09-01,2022-09-30
P001223,S00138,U0183,2022-10-01 03:00:00,9.99,USD,apple_pay,success,2022-10-01,2022-10-30
P001224,S00138,U0183,2022-10-31 19:00:00,9.99,USD,apple_pay,success,2022-10-31,2022-11-29
P001225,S00138,U0183,2022-11-30 12:00:00,9.99,USD,apple_pay,success,2022-11-30,2022-12-29
P001226,S00139,U0118,2023-04-18 20:00:00,19.99,USD,google_pay,success,2023-04-18,2023-05-17
P001227,S00139,U0118,2023-05-18 02:00:00,19.99,USD,google_pay,success,2023-05-18,2023-06-16
P001228,S00139,U0118,2023-06-17 04:00:00,19.99,USD,google_pay,success,2023-06-17,2023-07-16
P001229,S00139,U0118,2023-07-17 20:00:00,19.99,USD,google_pay,success,2023-07-17,2023-08-15
P001230,S00139,U0118,2023-08-16 04:00:00,19.99,USD,google_pay,success,2023-08-16,2023-09-14
P001231,S00139,U0118,2023-09-15 14:00:00,19.99,USD,google_pay,success,2023-09-15,2023-10-14
P001232,S00139,U0118,2023-10-15 12:00:00,19.99,USD,google_pay,success,2023-10-15,2023-11-13
P001233,S00139,U0118,2023-11-14 14:00:00,19.99,USD,google_pay,success,2023-11-14,2023-12-13
P001234,S00139,U0118,2023-12-14 21:00:00,19.99,USD,google_pay,success,2023-12-14,2024-01-12
P001235,S00139,U0118,2024-01-13 09:00:00,19.99,USD,google_pay,success,2024-01-13,2024-02-11
P001236,S00139,U0118,2024-02-12 21:00:00,19.99,USD,google_pay,success,2024-02-12,2024-03-12
P001237,S00139,U0118,2024-03-13 13:00:00,19.99,USD,google_pay,success,2024-03-13,2024-04-11
P001238,S00139,U0118,2024-04-12 11:00:00,19.99,USD,google_pay,success,2024-04-12,2024-05-11
P001239,S00139,U0118,2024-05-12 18:00:00,19.99,USD,google_pay,refunded,2024-05-12,2024-06-10
P001240,S00139,U0118,2024-06-11 16:00:00,19.99,USD,google_pay,success,2024-06-11,2024-07-10
P001241,S00139,U0118,2024-07-11 04:00:00,19.99,USD,google_pay,success,2024-07-11,2024-08-09
P001242,S00139,U0118,2024-08-10 01:00:00,19.99,USD,google_pay,success,2024-08-10,2024-09-08
P001243,S00139,U0118,2024-09-09 17:00:00,19.99,USD,google_pay,success,2024-09-09,2024-10-08
P001244,S00139,U0118,2024-10-09 00:00:00,19.99,USD,google_pay,refunded,2024-10-09,2024-11-07
P001245,S00139,U0118,2024-11-08 11:00:00,19.99,USD,google_pay,success,2024-11-08,2024-12-07
P001246,S00140,U0164,2021-03-10 09:00:00,19.99,USD,credit_card,success,2021-03-10,2021-04-08
P001247,S00140,U0164,2021-04-09 07:00:00,19.99,USD,credit_card,success,2021-04-09,2021-05-08
P001248,S00140,U0164,2021-05-09 18:00:00,19.99,USD,credit_card,success,2021-05-09,2021-06-07
P001249,S00140,U0164,2021-06-08 10:00:00,19.99,USD,credit_card,success,2021-06-08,2021-07-07
P001250,S00140,U0164,2021-07-08 12:00:00,19.99,USD,credit_card,success,2021-07-08,2021-08-06
P001251,S00140,U0164,2021-08-07 17:00:00,19.99,USD,credit_card,success,2021-08-07,2021-09-05
P001252,S00140,U0164,2021-09-06 05:00:00,19.99,USD,credit_card,success,2021-09-06,2021-10-05
P001253,S00140,U0164,2021-10-06 06:00:00,19.99,USD,credit_card,success,2021-10-06,2021-11-04
P001254,S00140,U0164,2021-11-05 11:00:00,19.99,USD,credit_card,success,2021-11-05,2021-12-04
P001255,S00140,U0164,2021-12-05 04:00:00,19.99,USD,credit_card,success,2021-12-05,2022-01-03
P001256,S00140,U0164,2022-01-04 21:00:00,19.99,USD,credit_card,success,2022-01-04,2022-02-02
P001257,S00140,U0164,2022-02-03 00:00:00,19.99,USD,credit_card,success,2022-02-03,2022-03-04
P001258,S00140,U0164,2022-03-05 00:00:00,19.99,USD,credit_card,success,2022-03-05,2022-04-03
P001259,S00140,U0164,2022-04-04 15:00:00,19.99,USD,credit_card,success,2022-04-04,2022-05-03
P001260,S00140,U0164,2022-05-04 04:00:00,19.99,USD,credit_card,success,2022-05-04,2022-06-02
P001261,S00140,U0164,2022-06-03 20:00:00,19.99,USD,credit_card,success,2022-06-03,2022-07-02
P001262,S00140,U0164,2022-07-03 14:00:00,19.99,USD,credit_card,success,2022-07-03,2022-08-01
P001263,S00140,U0164,2022-08-02 22:00:00,19.99,USD,credit_card,success,2022-08-02,2022-08-31
P001264,S00140,U0164,2022-09-01 13:00:00,19.99,USD,credit_card,success,2022-09-01,2022-09-30
P001265,S00140,U0164,2022-10-01 14:00:00,19.99,USD,credit_card,success,2022-10-01,2022-10-30
P001266,S00140,U0164,2022-10-31 17:00:00,19.99,USD,credit_card,success,2022-10-31,2022-11-29
P001267,S00141,U0170,2023-03-16 12:00:00,19.99,USD,bank_transfer,success,2023-03-16,2023-04-14
P001268,S00141,U0170,2023-04-15 05:00:00,19.99,USD,bank_transfer,success,2023-04-15,2023-05-14
P001269,S00141,U0170,2023-05-15 00:00:00,19.99,USD,bank_transfer,success,2023-05-15,2023-06-13
P001270,S00141,U0170,2023-06-14 23:00:00,19.99,USD,bank_transfer,success,2023-06-14,2023-07-13
P001271,S00141,U0170,2023-07-14 16:00:00,19.99,USD,bank_transfer,success,2023-07-14,2023-08-12
P001272,S00141,U0170,2023-08-13 17:00:00,19.99,USD,bank_transfer,success,2023-08-13,2023-09-11
P001273,S00141,U0170,2023-09-12 01:00:00,19.99,USD,bank_transfer,success,2023-09-12,2023-10-11
P001274,S00141,U0170,2023-10-12 18:00:00,19.99,USD,bank_transfer,refunded,2023-10-12,2023-11-10
P001275,S00141,U0170,2023-11-11 11:00:00,19.99,USD,bank_transfer,success,2023-11-11,2023-12-10
P001276,S00141,U0170,2023-12-11 15:00:00,19.99,USD,bank_transfer,success,2023-12-11,2024-01-09
P001277,S00142,U0180,2024-02-15 02:00:00,19.99,USD,bank_transfer,refunded,2024-02-15,2024-03-15
P001278,S00142,U0180,2024-03-16 23:00:00,19.99,USD,bank_transfer,success,2024-03-16,2024-04-14
P001279,S00142,U0180,2024-04-15 08:00:00,19.99,USD,bank_transfer,success,2024-04-15,2024-05-14
P001280,S00142,U0180,2024-05-15 02:00:00,19.99,USD,bank_transfer,success,2024-05-15,2024-06-13
P001281,S00142,U0180,2024-06-14 19:00:00,19.99,USD,bank_transfer,success,2024-06-14,2024-07-13
P001282,S00142,U0180,2024-07-14 15:00:00,19.99,USD,bank_transfer,success,2024-07-14,2024-08-12
P001283,S00142,U0180,2024-08-13 21:00:00,19.99,USD,bank_transfer,success,2024-08-13,2024-09-11
P001284,S00142,U0180,2024-09-12 02:00:00,19.99,USD,bank_transfer,refunded,2024-09-12,2024-10-11
P001285,S00142,U0180,2024-10-12 17:00:00,19.99,USD,bank_transfer,success,2024-10-12,2024-11-10
P001286,S00142,U0180,2024-11-11 09:00:00,19.99,USD,bank_transfer,success,2024-11-11,2024-12-10
P001287,S00142,U0180,2024-12-11 10:00:00,19.99,USD,bank_transfer,success,2024-12-11,2025-01-09
P001288,S00143,U0020,2024-11-12 00:00:00,19.99,USD,credit_card,success,2024-11-12,2024-12-11
P001289,S00143,U0020,2024-12-12 16:00:00,19.99,USD,credit_card,success,2024-12-12,2025-01-10
P001290,S00143,U0020,2025-01-11 18:00:00,19.99,USD,credit_card,failed,2025-01-11,2025-02-09
P001291,S00143,U0020,2025-02-10 13:00:00,19.99,USD,credit_card,success,2025-02-10,2025-03-11
P001292,S00143,U0020,2025-03-12 09:00:00,19.99,USD,credit_card,success,2025-03-12,2025-04-10
P001293,S00143,U0020,2025-04-11 01:00:00,19.99,USD,credit_card,success,2025-04-11,2025-05-10
P001294,S00143,U0020,2025-05-11 19:00:00,19.99,USD,credit_card,success,2025-05-11,2025-06-09
P001295,S00143,U0020,2025-06-10 23:00:00,19.99,USD,credit_card,success,2025-06-10,2025-07-09
P001296,S00143,U0020,2025-07-10 08:00:00,19.99,USD,credit_card,success,2025-07-10,2025-08-08
P001297,S00143,U0020,2025-08-09 15:00:00,19.99,USD,credit_card,success,2025-08-09,2025-09-07
P001298,S00143,U0020,2025-09-08 18:00:00,19.99,USD,credit_card,success,2025-09-08,2025-10-07
P001299,S00143,U0020,2025-10-08 09:00:00,19.99,USD,credit_card,success,2025-10-08,2025-11-06
P001300,S00143,U0020,2025-11-07 19:00:00,19.99,USD,credit_card,success,2025-11-07,2025-12-06
P001301,S00143,U0020,2025-12-07 15:00:00,19.99,USD,credit_card,success,2025-12-07,2026-01-05
P001302,S00143,U0020,2026-01-06 16:00:00,19.99,USD,credit_card,success,2026-01-06,2026-02-04
P001303,S00143,U0020,2026-02-05 08:00:00,19.99,USD,credit_card,success,2026-02-05,2026-03-06
P001304,S00143,U0020,2026-03-07 19:00:00,19.99,USD,credit_card,success,2026-03-07,2026-04-05
P001305,S00143,U0020,2026-04-06 08:00:00,19.99,USD,credit_card,success,2026-04-06,2026-05-05
P001306,S00143,U0020,2026-05-06 03:00:00,19.99,USD,credit_card,success,2026-05-06,2026-06-04
P001307,S00143,U0020,2026-06-05 18:00:00,19.99,USD,credit_card,success,2026-06-05,2026-07-04
P001308,S00145,U0031,2024-01-21 21:00:00,9.99,USD,bank_transfer,success,2024-01-21,2024-02-19
P001309,S00145,U0031,2024-02-20 05:00:00,9.99,USD,bank_transfer,success,2024-02-20,2024-03-20
P001310,S00145,U0031,2024-03-21 22:00:00,9.99,USD,bank_transfer,success,2024-03-21,2024-04-19
P001311,S00145,U0031,2024-04-20 05:00:00,9.99,USD,bank_transfer,success,2024-04-20,2024-05-19
P001312,S00145,U0031,2024-05-20 01:00:00,9.99,USD,bank_transfer,success,2024-05-20,2024-06-18
P001313,S00145,U0031,2024-06-19 02:00:00,9.99,USD,bank_transfer,success,2024-06-19,2024-07-18
P001314,S00145,U0031,2024-07-19 19:00:00,9.99,USD,bank_transfer,refunded,2024-07-19,2024-08-17
P001315,S00145,U0031,2024-08-18 04:00:00,9.99,USD,bank_transfer,failed,2024-08-18,2024-09-16
P001316,S00145,U0031,2024-09-17 13:00:00,9.99,USD,bank_transfer,success,2024-09-17,2024-10-16
P001317,S00145,U0031,2024-10-17 07:00:00,9.99,USD,bank_transfer,success,2024-10-17,2024-11-15
P001318,S00145,U0031,2024-11-16 23:00:00,9.99,USD,bank_transfer,success,2024-11-16,2024-12-15
P001319,S00145,U0031,2024-12-16 06:00:00,9.99,USD,bank_transfer,success,2024-12-16,2025-01-14
P001320,S00145,U0031,2025-01-15 11:00:00,9.99,USD,bank_transfer,success,2025-01-15,2025-02-13
P001321,S00145,U0031,2025-02-14 08:00:00,9.99,USD,bank_transfer,success,2025-02-14,2025-03-15
P001322,S00145,U0031,2025-03-16 03:00:00,9.99,USD,bank_transfer,success,2025-03-16,2025-04-14
P001323,S00145,U0031,2025-04-15 14:00:00,9.99,USD,bank_transfer,success,2025-04-15,2025-05-14
P001324,S00146,U0068,2020-11-23 09:00:00,19.99,USD,google_pay,success,2020-11-23,2020-12-22
P001325,S00146,U0068,2020-12-23 17:00:00,19.99,USD,google_pay,success,2020-12-23,2021-01-21
P001326,S00146,U0068,2021-01-22 21:00:00,19.99,USD,google_pay,success,2021-01-22,2021-02-20
P001327,S00146,U0068,2021-02-21 15:00:00,19.99,USD,google_pay,success,2021-02-21,2021-03-22
P001328,S00146,U0068,2021-03-23 16:00:00,19.99,USD,google_pay,success,2021-03-23,2021-04-21
P001329,S00146,U0068,2021-04-22 00:00:00,19.99,USD,google_pay,success,2021-04-22,2021-05-21
P001330,S00147,U0056,2022-03-06 14:00:00,19.99,USD,paypal,success,2022-03-06,2022-04-04
P001331,S00147,U0056,2022-04-05 10:00:00,19.99,USD,paypal,success,2022-04-05,2022-05-04
P001332,S00147,U0056,2022-05-05 21:00:00,19.99,USD,paypal,refunded,2022-05-05,2022-06-03
P001333,S00147,U0056,2022-06-04 03:00:00,19.99,USD,paypal,failed,2022-06-04,2022-07-03
P001334,S00147,U0056,2022-07-04 20:00:00,19.99,USD,paypal,failed,2022-07-04,2022-08-02
P001335,S00147,U0056,2022-08-03 13:00:00,19.99,USD,paypal,success,2022-08-03,2022-09-01
P001336,S00148,U0102,2024-12-25 20:00:00,9.99,USD,paypal,success,2024-12-25,2025-01-23
P001337,S00148,U0102,2025-01-24 10:00:00,9.99,USD,paypal,success,2025-01-24,2025-02-22
P001338,S00148,U0102,2025-02-23 03:00:00,9.99,USD,paypal,success,2025-02-23,2025-03-24
P001339,S00148,U0102,2025-03-25 18:00:00,9.99,USD,paypal,success,2025-03-25,2025-04-23
P001340,S00148,U0102,2025-04-24 21:00:00,9.99,USD,paypal,success,2025-04-24,2025-05-23
P001341,S00148,U0102,2025-05-24 23:00:00,9.99,USD,paypal,success,2025-05-24,2025-06-22
P001342,S00148,U0102,2025-06-23 06:00:00,9.99,USD,paypal,success,2025-06-23,2025-07-22
P001343,S00148,U0102,2025-07-23 21:00:00,9.99,USD,paypal,success,2025-07-23,2025-08-21
P001344,S00148,U0102,2025-08-22 05:00:00,9.99,USD,paypal,success,2025-08-22,2025-09-20
P001345,S00149,U0104,2023-09-02 00:00:00,19.99,USD,credit_card,success,2023-09-02,2023-10-01
P001346,S00149,U0104,2023-10-02 02:00:00,19.99,USD,credit_card,success,2023-10-02,2023-10-31
P001347,S00149,U0104,2023-11-01 03:00:00,19.99,USD,credit_card,success,2023-11-01,2023-11-30
P001348,S00149,U0104,2023-12-01 21:00:00,19.99,USD,credit_card,success,2023-12-01,2023-12-30
P001349,S00149,U0104,2023-12-31 07:00:00,19.99,USD,credit_card,success,2023-12-31,2024-01-29
P001350,S00149,U0104,2024-01-30 08:00:00,19.99,USD,credit_card,success,2024-01-30,2024-02-28
P001351,S00149,U0104,2024-02-29 00:00:00,19.99,USD,credit_card,success,2024-02-29,2024-03-29
P001352,S00149,U0104,2024-03-30 01:00:00,19.99,USD,credit_card,success,2024-03-30,2024-04-28
P001353,S00149,U0104,2024-04-29 21:00:00,19.99,USD,credit_card,failed,2024-04-29,2024-05-28
P001354,S00149,U0104,2024-05-29 06:00:00,19.99,USD,credit_card,success,2024-05-29,2024-06-27
P001355,S00149,U0104,2024-06-28 20:00:00,19.99,USD,credit_card,failed,2024-06-28,2024-07-27
P001356,S00149,U0104,2024-07-28 03:00:00,19.99,USD,credit_card,success,2024-07-28,2024-08-26
P001357,S00149,U0104,2024-08-27 19:00:00,19.99,USD,credit_card,success,2024-08-27,2024-09-25
P001358,S00149,U0104,2024-09-26 21:00:00,19.99,USD,credit_card,success,2024-09-26,2024-10-25
P001359,S00149,U0104,2024-10-26 20:00:00,19.99,USD,credit_card,success,2024-10-26,2024-11-24
P001360,S00149,U0104,2024-11-25 05:00:00,19.99,USD,credit_card,success,2024-11-25,2024-12-24
P001361,S00149,U0104,2024-12-25 22:00:00,19.99,USD,credit_card,success,2024-12-25,2025-01-23
P001362,S00149,U0104,2025-01-24 09:00:00,19.99,USD,credit_card,success,2025-01-24,2025-02-22
P001363,S00149,U0104,2025-02-23 02:00:00,19.99,USD,credit_card,success,2025-02-23,2025-03-24
P001364,S00150,U0027,2022-07-23 08:00:00,19.99,USD,credit_card,success,2022-07-23,2022-08-21
P001365,S00150,U0027,2022-08-22 22:00:00,19.99,USD,credit_card,success,2022-08-22,2022-09-20
P001366,S00150,U0027,2022-09-21 10:00:00,19.99,USD,credit_card,failed,2022-09-21,2022-10-20
P001367,S00150,U0027,2022-10-21 02:00:00,19.99,USD,credit_card,success,2022-10-21,2022-11-19
P001368,S00150,U0027,2022-11-20 01:00:00,19.99,USD,credit_card,success,2022-11-20,2022-12-19
P001369,S00156,U0091,2023-08-26 10:00:00,9.99,USD,apple_pay,success,2023-08-26,2023-09-24
P001370,S00156,U0091,2023-09-25 08:00:00,9.99,USD,apple_pay,refunded,2023-09-25,2023-10-24
P001371,S00156,U0091,2023-10-25 08:00:00,9.99,USD,apple_pay,failed,2023-10-25,2023-11-23
P001372,S00156,U0091,2023-11-24 02:00:00,9.99,USD,apple_pay,success,2023-11-24,2023-12-23
P001373,S00156,U0091,2023-12-24 06:00:00,9.99,USD,apple_pay,success,2023-12-24,2024-01-22
P001374,S00156,U0091,2024-01-23 05:00:00,9.99,USD,apple_pay,success,2024-01-23,2024-02-21
P001375,S00156,U0091,2024-02-22 03:00:00,9.99,USD,apple_pay,success,2024-02-22,2024-03-22
P001376,S00156,U0091,2024-03-23 13:00:00,9.99,USD,apple_pay,success,2024-03-23,2024-04-21
P001377,S00156,U0091,2024-04-22 20:00:00,9.99,USD,apple_pay,success,2024-04-22,2024-05-21
P001378,S00156,U0091,2024-05-22 14:00:00,9.99,USD,apple_pay,success,2024-05-22,2024-06-20
P001379,S00157,U0009,2024-12-30 03:00:00,9.99,USD,bank_transfer,success,2024-12-30,2025-01-28
P001380,S00157,U0009,2025-01-29 02:00:00,9.99,USD,bank_transfer,success,2025-01-29,2025-02-27
P001381,S00157,U0009,2025-02-28 08:00:00,9.99,USD,bank_transfer,success,2025-02-28,2025-03-29
P001382,S00157,U0009,2025-03-30 00:00:00,9.99,USD,bank_transfer,success,2025-03-30,2025-04-28
P001383,S00157,U0009,2025-04-29 04:00:00,9.99,USD,bank_transfer,success,2025-04-29,2025-05-28
P001384,S00157,U0009,2025-05-29 00:00:00,9.99,USD,bank_transfer,success,2025-05-29,2025-06-27
P001385,S00157,U0009,2025-06-28 21:00:00,9.99,USD,bank_transfer,failed,2025-06-28,2025-07-27
P001386,S00157,U0009,2025-07-28 04:00:00,9.99,USD,bank_transfer,success,2025-07-28,2025-08-26
P001387,S00157,U0009,2025-08-27 12:00:00,9.99,USD,bank_transfer,success,2025-08-27,2025-09-25
P001388,S00158,U0106,2024-06-01 16:00:00,19.99,USD,bank_transfer,success,2024-06-01,2024-06-30
P001389,S00158,U0106,2024-07-01 15:00:00,19.99,USD,bank_transfer,success,2024-07-01,2024-07-30
P001390,S00158,U0106,2024-07-31 12:00:00,19.99,USD,bank_transfer,success,2024-07-31,2024-08-29
P001391,S00159,U0036,2024-10-18 02:00:00,9.99,USD,paypal,success,2024-10-18,2024-11-16
P001392,S00159,U0036,2024-11-17 00:00:00,9.99,USD,paypal,success,2024-11-17,2024-12-16
P001393,S00159,U0036,2024-12-17 22:00:00,9.99,USD,paypal,success,2024-12-17,2025-01-15
P001394,S00159,U0036,2025-01-16 15:00:00,9.99,USD,paypal,success,2025-01-16,2025-02-14
P001395,S00159,U0036,2025-02-15 17:00:00,9.99,USD,paypal,success,2025-02-15,2025-03-16
P001396,S00159,U0036,2025-03-17 11:00:00,9.99,USD,paypal,failed,2025-03-17,2025-04-15
P001397,S00159,U0036,2025-04-16 09:00:00,9.99,USD,paypal,success,2025-04-16,2025-05-15
P001398,S00159,U0036,2025-05-16 20:00:00,9.99,USD,paypal,success,2025-05-16,2025-06-14
P001399,S00159,U0036,2025-06-15 20:00:00,9.99,USD,paypal,refunded,2025-06-15,2025-07-14
P001400,S00159,U0036,2025-07-15 17:00:00,9.99,USD,paypal,success,2025-07-15,2025-08-13
P001401,S00159,U0036,2025-08-14 10:00:00,9.99,USD,paypal,success,2025-08-14,2025-09-12
P001402,S00159,U0036,2025-09-13 14:00:00,9.99,USD,paypal,success,2025-09-13,2025-10-12
P001403,S00159,U0036,2025-10-13 09:00:00,9.99,USD,paypal,success,2025-10-13,2025-11-11
P001404,S00159,U0036,2025-11-12 05:00:00,9.99,USD,paypal,success,2025-11-12,2025-12-11
P001405,S00159,U0036,2025-12-12 12:00:00,9.99,USD,paypal,success,2025-12-12,2026-01-10
P001406,S00159,U0036,2026-01-11 09:00:00,9.99,USD,paypal,success,2026-01-11,2026-02-09
P001407,S00159,U0036,2026-02-10 03:00:00,9.99,USD,paypal,success,2026-02-10,2026-03-11
P001408,S00159,U0036,2026-03-12 11:00:00,9.99,USD,paypal,success,2026-03-12,2026-04-10
P001409,S00160,U0098,2023-12-31 20:00:00,19.99,USD,google_pay,success,2023-12-31,2024-01-29
P001410,S00160,U0098,2024-01-30 06:00:00,19.99,USD,google_pay,success,2024-01-30,2024-02-28
P001411,S00160,U0098,2024-02-29 06:00:00,19.99,USD,google_pay,success,2024-02-29,2024-03-29
P001412,S00160,U0098,2024-03-30 18:00:00,19.99,USD,google_pay,success,2024-03-30,2024-04-28
P001413,S00160,U0098,2024-04-29 12:00:00,19.99,USD,google_pay,success,2024-04-29,2024-05-28
P001414,S00160,U0098,2024-05-29 17:00:00,19.99,USD,google_pay,success,2024-05-29,2024-06-27
P001415,S00160,U0098,2024-06-28 15:00:00,19.99,USD,google_pay,success,2024-06-28,2024-07-27
P001416,S00160,U0098,2024-07-28 14:00:00,19.99,USD,google_pay,success,2024-07-28,2024-08-26
P001417,S00160,U0098,2024-08-27 00:00:00,19.99,USD,google_pay,refunded,2024-08-27,2024-09-25
P001418,S00160,U0098,2024-09-26 01:00:00,19.99,USD,google_pay,success,2024-09-26,2024-10-25
P001419,S00160,U0098,2024-10-26 23:00:00,19.99,USD,google_pay,success,2024-10-26,2024-11-24
P001420,S00160,U0098,2024-11-25 03:00:00,19.99,USD,google_pay,success,2024-11-25,2024-12-24
P001421,S00160,U0098,2024-12-25 20:00:00,19.99,USD,google_pay,success,2024-12-25,2025-01-23
P001422,S00160,U0098,2025-01-24 14:00:00,19.99,USD,google_pay,success,2025-01-24,2025-02-22
P001423,S00160,U0098,2025-02-23 17:00:00,19.99,USD,google_pay,failed,2025-02-23,2025-03-24
P001424,S00160,U0098,2025-03-25 18:00:00,19.99,USD,google_pay,success,2025-03-25,2025-04-23
P001425,S00160,U0098,2025-04-24 02:00:00,19.99,USD,google_pay,success,2025-04-24,2025-05-23
P001426,S00161,U0089,2024-05-06 04:00:00,19.99,USD,bank_transfer,success,2024-05-06,2024-06-04
P001427,S00161,U0089,2024-06-05 00:00:00,19.99,USD,bank_transfer,success,2024-06-05,2024-07-04
P001428,S00161,U0089,2024-07-05 19:00:00,19.99,USD,bank_transfer,success,2024-07-05,2024-08-03
P001429,S00161,U0089,2024-08-04 22:00:00,19.99,USD,bank_transfer,success,2024-08-04,2024-09-02
P001430,S00161,U0089,2024-09-03 00:00:00,19.99,USD,bank_transfer,success,2024-09-03,2024-10-02
P001431,S00161,U0089,2024-10-03 01:00:00,19.99,USD,bank_transfer,success,2024-10-03,2024-11-01
P001432,S00161,U0089,2024-11-02 03:00:00,19.99,USD,bank_transfer,failed,2024-11-02,2024-12-01
P001433,S00161,U0089,2024-12-02 05:00:00,19.99,USD,bank_transfer,success,2024-12-02,2024-12-31
P001434,S00161,U0089,2025-01-01 02:00:00,19.99,USD,bank_transfer,success,2025-01-01,2025-01-30
P001435,S00161,U0089,2025-01-31 03:00:00,19.99,USD,bank_transfer,success,2025-01-31,2025-03-01
P001436,S00161,U0089,2025-03-02 19:00:00,19.99,USD,bank_transfer,success,2025-03-02,2025-03-31
P001437,S00162,U0007,2023-12-09 07:00:00,9.99,USD,credit_card,success,2023-12-09,2024-01-07
P001438,S00162,U0007,2024-01-08 06:00:00,9.99,USD,credit_card,success,2024-01-08,2024-02-06
P001439,S00163,U0136,2024-03-26 23:00:00,9.99,USD,credit_card,success,2024-03-26,2024-04-24
P001440,S00163,U0136,2024-04-25 10:00:00,9.99,USD,credit_card,success,2024-04-25,2024-05-24
P001441,S00163,U0136,2024-05-25 21:00:00,9.99,USD,credit_card,success,2024-05-25,2024-06-23
P001442,S00163,U0136,2024-06-24 04:00:00,9.99,USD,credit_card,success,2024-06-24,2024-07-23
P001443,S00163,U0136,2024-07-24 06:00:00,9.99,USD,credit_card,success,2024-07-24,2024-08-22
P001444,S00163,U0136,2024-08-23 18:00:00,9.99,USD,credit_card,success,2024-08-23,2024-09-21
P001445,S00163,U0136,2024-09-22 02:00:00,9.99,USD,credit_card,success,2024-09-22,2024-10-21
P001446,S00163,U0136,2024-10-22 04:00:00,9.99,USD,credit_card,success,2024-10-22,2024-11-20
P001447,S00164,U0169,2024-11-15 05:00:00,9.99,USD,google_pay,success,2024-11-15,2024-12-14
P001448,S00164,U0169,2024-12-15 17:00:00,9.99,USD,google_pay,success,2024-12-15,2025-01-13
P001449,S00165,U0091,2023-08-12 07:00:00,19.99,USD,google_pay,success,2023-08-12,2023-09-10
P001450,S00165,U0091,2023-09-11 01:00:00,19.99,USD,google_pay,failed,2023-09-11,2023-10-10
P001451,S00165,U0091,2023-10-11 20:00:00,19.99,USD,google_pay,success,2023-10-11,2023-11-09
P001452,S00165,U0091,2023-11-10 05:00:00,19.99,USD,google_pay,success,2023-11-10,2023-12-09
P001453,S00165,U0091,2023-12-10 15:00:00,19.99,USD,google_pay,success,2023-12-10,2024-01-08
P001454,S00165,U0091,2024-01-09 00:00:00,19.99,USD,google_pay,success,2024-01-09,2024-02-07
P001455,S00165,U0091,2024-02-08 02:00:00,19.99,USD,google_pay,success,2024-02-08,2024-03-08
P001456,S00166,U0189,2024-11-10 18:00:00,19.99,USD,google_pay,success,2024-11-10,2024-12-09
P001457,S00167,U0145,2024-02-26 13:00:00,19.99,USD,bank_transfer,success,2024-02-26,2024-03-26
P001458,S00167,U0145,2024-03-27 15:00:00,19.99,USD,bank_transfer,success,2024-03-27,2024-04-25
P001459,S00167,U0145,2024-04-26 06:00:00,19.99,USD,bank_transfer,success,2024-04-26,2024-05-25
P001460,S00167,U0145,2024-05-26 08:00:00,19.99,USD,bank_transfer,success,2024-05-26,2024-06-24
P001461,S00167,U0145,2024-06-25 13:00:00,19.99,USD,bank_transfer,success,2024-06-25,2024-07-24
P001462,S00167,U0145,2024-07-25 05:00:00,19.99,USD,bank_transfer,success,2024-07-25,2024-08-23
P001463,S00167,U0145,2024-08-24 01:00:00,19.99,USD,bank_transfer,success,2024-08-24,2024-09-22
P001464,S00167,U0145,2024-09-23 22:00:00,19.99,USD,bank_transfer,success,2024-09-23,2024-10-22
P001465,S00167,U0145,2024-10-23 02:00:00,19.99,USD,bank_transfer,success,2024-10-23,2024-11-21
P001466,S00167,U0145,2024-11-22 09:00:00,19.99,USD,bank_transfer,success,2024-11-22,2024-12-21
P001467,S00167,U0145,2024-12-22 00:00:00,19.99,USD,bank_transfer,success,2024-12-22,2025-01-20
P001468,S00167,U0145,2025-01-21 06:00:00,19.99,USD,bank_transfer,success,2025-01-21,2025-02-19
P001469,S00167,U0145,2025-02-20 16:00:00,19.99,USD,bank_transfer,success,2025-02-20,2025-03-21
P001470,S00167,U0145,2025-03-22 19:00:00,19.99,USD,bank_transfer,refunded,2025-03-22,2025-04-20
P001471,S00167,U0145,2025-04-21 17:00:00,19.99,USD,bank_transfer,success,2025-04-21,2025-05-20
P001472,S00167,U0145,2025-05-21 14:00:00,19.99,USD,bank_transfer,success,2025-05-21,2025-06-19
P001473,S00167,U0145,2025-06-20 21:00:00,19.99,USD,bank_transfer,success,2025-06-20,2025-07-19
P001474,S00167,U0145,2025-07-20 01:00:00,19.99,USD,bank_transfer,success,2025-07-20,2025-08-18
P001475,S00167,U0145,2025-08-19 04:00:00,19.99,USD,bank_transfer,success,2025-08-19,2025-09-17
P001476,S00169,U0006,2020-05-26 15:00:00,9.99,USD,paypal,success,2020-05-26,2020-06-24
P001477,S00169,U0006,2020-06-25 05:00:00,9.99,USD,paypal,success,2020-06-25,2020-07-24
P001478,S00169,U0006,2020-07-25 01:00:00,9.99,USD,paypal,success,2020-07-25,2020-08-23
P001479,S00169,U0006,2020-08-24 11:00:00,9.99,USD,paypal,success,2020-08-24,2020-09-22
P001480,S00169,U0006,2020-09-23 13:00:00,9.99,USD,paypal,success,2020-09-23,2020-10-22
P001481,S00169,U0006,2020-10-23 19:00:00,9.99,USD,paypal,success,2020-10-23,2020-11-21
P001482,S00169,U0006,2020-11-22 14:00:00,9.99,USD,paypal,success,2020-11-22,2020-12-21
P001483,S00169,U0006,2020-12-22 23:00:00,9.99,USD,paypal,success,2020-12-22,2021-01-20
P001484,S00169,U0006,2021-01-21 17:00:00,9.99,USD,paypal,success,2021-01-21,2021-02-19
P001485,S00169,U0006,2021-02-20 00:00:00,9.99,USD,paypal,success,2021-02-20,2021-03-21
P001486,S00169,U0006,2021-03-22 03:00:00,9.99,USD,paypal,success,2021-03-22,2021-04-20
P001487,S00169,U0006,2021-04-21 07:00:00,9.99,USD,paypal,success,2021-04-21,2021-05-20
P001488,S00170,U0088,2023-09-26 18:00:00,19.99,USD,paypal,success,2023-09-26,2023-10-25
P001489,S00170,U0088,2023-10-26 13:00:00,19.99,USD,paypal,success,2023-10-26,2023-11-24
P001490,S00170,U0088,2023-11-25 21:00:00,19.99,USD,paypal,success,2023-11-25,2023-12-24
P001491,S00172,U0096,2024-06-16 07:00:00,19.99,USD,credit_card,success,2024-06-16,2024-07-15
P001492,S00172,U0096,2024-07-16 10:00:00,19.99,USD,credit_card,success,2024-07-16,2024-08-14
P001493,S00172,U0096,2024-08-15 07:00:00,19.99,USD,credit_card,success,2024-08-15,2024-09-13
P001494,S00172,U0096,2024-09-14 06:00:00,19.99,USD,credit_card,success,2024-09-14,2024-10-13
P001495,S00172,U0096,2024-10-14 07:00:00,19.99,USD,credit_card,success,2024-10-14,2024-11-12
P001496,S00172,U0096,2024-11-13 18:00:00,19.99,USD,credit_card,success,2024-11-13,2024-12-12
P001497,S00172,U0096,2024-12-13 13:00:00,19.99,USD,credit_card,success,2024-12-13,2025-01-11
P001498,S00172,U0096,2025-01-12 19:00:00,19.99,USD,credit_card,success,2025-01-12,2025-02-10
P001499,S00172,U0096,2025-02-11 12:00:00,19.99,USD,credit_card,success,2025-02-11,2025-03-12
P001500,S00172,U0096,2025-03-13 14:00:00,19.99,USD,credit_card,success,2025-03-13,2025-04-11
P001501,S00172,U0096,2025-04-12 20:00:00,19.99,USD,credit_card,success,2025-04-12,2025-05-11
P001502,S00172,U0096,2025-05-12 08:00:00,19.99,USD,credit_card,success,2025-05-12,2025-06-10
P001503,S00172,U0096,2025-06-11 04:00:00,19.99,USD,credit_card,success,2025-06-11,2025-07-10
P001504,S00172,U0096,2025-07-11 18:00:00,19.99,USD,credit_card,success,2025-07-11,2025-08-09
P001505,S00172,U0096,2025-08-10 04:00:00,19.99,USD,credit_card,success,2025-08-10,2025-09-08
P001506,S00172,U0096,2025-09-09 14:00:00,19.99,USD,credit_card,success,2025-09-09,2025-10-08
P001507,S00172,U0096,2025-10-09 05:00:00,19.99,USD,credit_card,success,2025-10-09,2025-11-07
P001508,S00172,U0096,2025-11-08 07:00:00,19.99,USD,credit_card,success,2025-11-08,2025-12-07
P001509,S00172,U0096,2025-12-08 19:00:00,19.99,USD,credit_card,success,2025-12-08,2026-01-06
P001510,S00172,U0096,2026-01-07 20:00:00,19.99,USD,credit_card,success,2026-01-07,2026-02-05
P001511,S00172,U0096,2026-02-06 05:00:00,19.99,USD,credit_card,failed,2026-02-06,2026-03-07
P001512,S00173,U0078,2023-09-29 17:00:00,9.99,USD,bank_transfer,success,2023-09-29,2023-10-28
P001513,S00173,U0078,2023-10-29 02:00:00,9.99,USD,bank_transfer,success,2023-10-29,2023-11-27
P001514,S00173,U0078,2023-11-28 16:00:00,9.99,USD,bank_transfer,success,2023-11-28,2023-12-27
P001515,S00173,U0078,2023-12-28 06:00:00,9.99,USD,bank_transfer,success,2023-12-28,2024-01-26
P001516,S00173,U0078,2024-01-27 14:00:00,9.99,USD,bank_transfer,success,2024-01-27,2024-02-25
P001517,S00173,U0078,2024-02-26 23:00:00,9.99,USD,bank_transfer,success,2024-02-26,2024-03-26
P001518,S00173,U0078,2024-03-27 07:00:00,9.99,USD,bank_transfer,success,2024-03-27,2024-04-25
P001519,S00173,U0078,2024-04-26 13:00:00,9.99,USD,bank_transfer,success,2024-04-26,2024-05-25
P001520,S00173,U0078,2024-05-26 18:00:00,9.99,USD,bank_transfer,success,2024-05-26,2024-06-24
P001521,S00173,U0078,2024-06-25 18:00:00,9.99,USD,bank_transfer,failed,2024-06-25,2024-07-24
P001522,S00173,U0078,2024-07-25 13:00:00,9.99,USD,bank_transfer,success,2024-07-25,2024-08-23
P001523,S00173,U0078,2024-08-24 01:00:00,9.99,USD,bank_transfer,refunded,2024-08-24,2024-09-22
P001524,S00173,U0078,2024-09-23 23:00:00,9.99,USD,bank_transfer,refunded,2024-09-23,2024-10-22
P001525,S00173,U0078,2024-10-23 01:00:00,9.99,USD,bank_transfer,success,2024-10-23,2024-11-21
P001526,S00173,U0078,2024-11-22 12:00:00,9.99,USD,bank_transfer,success,2024-11-22,2024-12-21
P001527,S00174,U0182,2024-08-17 22:00:00,19.99,USD,bank_transfer,success,2024-08-17,2024-09-15
P001528,S00174,U0182,2024-09-16 14:00:00,19.99,USD,bank_transfer,success,2024-09-16,2024-10-15
P001529,S00174,U0182,2024-10-16 02:00:00,19.99,USD,bank_transfer,success,2024-10-16,2024-11-14
P001530,S00174,U0182,2024-11-15 00:00:00,19.99,USD,bank_transfer,success,2024-11-15,2024-12-14
P001531,S00174,U0182,2024-12-15 13:00:00,19.99,USD,bank_transfer,success,2024-12-15,2025-01-13
P001532,S00174,U0182,2025-01-14 04:00:00,19.99,USD,bank_transfer,failed,2025-01-14,2025-02-12
P001533,S00174,U0182,2025-02-13 07:00:00,19.99,USD,bank_transfer,success,2025-02-13,2025-03-14
P001534,S00174,U0182,2025-03-15 02:00:00,19.99,USD,bank_transfer,success,2025-03-15,2025-04-13
P001535,S00174,U0182,2025-04-14 21:00:00,19.99,USD,bank_transfer,success,2025-04-14,2025-05-13
P001536,S00174,U0182,2025-05-14 22:00:00,19.99,USD,bank_transfer,success,2025-05-14,2025-06-12
P001537,S00174,U0182,2025-06-13 18:00:00,19.99,USD,bank_transfer,success,2025-06-13,2025-07-12
P001538,S00174,U0182,2025-07-13 00:00:00,19.99,USD,bank_transfer,success,2025-07-13,2025-08-11
P001539,S00174,U0182,2025-08-12 14:00:00,19.99,USD,bank_transfer,refunded,2025-08-12,2025-09-10
P001540,S00174,U0182,2025-09-11 22:00:00,19.99,USD,bank_transfer,success,2025-09-11,2025-10-10
P001541,S00174,U0182,2025-10-11 11:00:00,19.99,USD,bank_transfer,success,2025-10-11,2025-11-09
P001542,S00174,U0182,2025-11-10 22:00:00,19.99,USD,bank_transfer,success,2025-11-10,2025-12-09
P001543,S00174,U0182,2025-12-10 20:00:00,19.99,USD,bank_transfer,success,2025-12-10,2026-01-08
P001544,S00174,U0182,2026-01-09 22:00:00,19.99,USD,bank_transfer,success,2026-01-09,2026-02-07
P001545,S00174,U0182,2026-02-08 01:00:00,19.99,USD,bank_transfer,success,2026-02-08,2026-03-09
P001546,S00174,U0182,2026-03-10 08:00:00,19.99,USD,bank_transfer,success,2026-03-10,2026-04-08
P001547,S00174,U0182,2026-04-09 19:00:00,19.99,USD,bank_transfer,success,2026-04-09,2026-05-08
P001548,S00175,U0171,2021-11-22 06:00:00,9.99,USD,bank_transfer,success,2021-11-22,2021-12-21
P001549,S00175,U0171,2021-12-22 02:00:00,9.99,USD,bank_transfer,success,2021-12-22,2022-01-20
P001550,S00175,U0171,2022-01-21 10:00:00,9.99,USD,bank_transfer,success,2022-01-21,2022-02-19
P001551,S00175,U0171,2022-02-20 01:00:00,9.99,USD,bank_transfer,success,2022-02-20,2022-03-21
P001552,S00175,U0171,2022-03-22 21:00:00,9.99,USD,bank_transfer,success,2022-03-22,2022-04-20
P001553,S00175,U0171,2022-04-21 01:00:00,9.99,USD,bank_transfer,success,2022-04-21,2022-05-20
P001554,S00175,U0171,2022-05-21 11:00:00,9.99,USD,bank_transfer,success,2022-05-21,2022-06-19
P001555,S00175,U0171,2022-06-20 01:00:00,9.99,USD,bank_transfer,success,2022-06-20,2022-07-19
P001556,S00175,U0171,2022-07-20 05:00:00,9.99,USD,bank_transfer,success,2022-07-20,2022-08-18
P001557,S00175,U0171,2022-08-19 22:00:00,9.99,USD,bank_transfer,success,2022-08-19,2022-09-17
P001558,S00175,U0171,2022-09-18 22:00:00,9.99,USD,bank_transfer,success,2022-09-18,2022-10-17
P001559,S00175,U0171,2022-10-18 04:00:00,9.99,USD,bank_transfer,success,2022-10-18,2022-11-16
P001560,S00175,U0171,2022-11-17 07:00:00,9.99,USD,bank_transfer,refunded,2022-11-17,2022-12-16
P001561,S00176,U0046,2024-11-23 20:00:00,19.99,USD,google_pay,success,2024-11-23,2024-12-22
P001562,S00176,U0046,2024-12-23 18:00:00,19.99,USD,google_pay,success,2024-12-23,2025-01-21
P001563,S00176,U0046,2025-01-22 22:00:00,19.99,USD,google_pay,success,2025-01-22,2025-02-20
P001564,S00176,U0046,2025-02-21 23:00:00,19.99,USD,google_pay,success,2025-02-21,2025-03-22
P001565,S00176,U0046,2025-03-23 10:00:00,19.99,USD,google_pay,success,2025-03-23,2025-04-21
P001566,S00176,U0046,2025-04-22 08:00:00,19.99,USD,google_pay,success,2025-04-22,2025-05-21
P001567,S00176,U0046,2025-05-22 13:00:00,19.99,USD,google_pay,success,2025-05-22,2025-06-20
P001568,S00176,U0046,2025-06-21 02:00:00,19.99,USD,google_pay,success,2025-06-21,2025-07-20
P001569,S00176,U0046,2025-07-21 14:00:00,19.99,USD,google_pay,success,2025-07-21,2025-08-19
P001570,S00176,U0046,2025-08-20 16:00:00,19.99,USD,google_pay,success,2025-08-20,2025-09-18
P001571,S00176,U0046,2025-09-19 15:00:00,19.99,USD,google_pay,success,2025-09-19,2025-10-18
P001572,S00176,U0046,2025-10-19 21:00:00,19.99,USD,google_pay,success,2025-10-19,2025-11-17
P001573,S00176,U0046,2025-11-18 09:00:00,19.99,USD,google_pay,success,2025-11-18,2025-12-17
P001574,S00176,U0046,2025-12-18 11:00:00,19.99,USD,google_pay,success,2025-12-18,2026-01-16
P001575,S00177,U0047,2024-12-29 22:00:00,9.99,USD,google_pay,success,2024-12-29,2025-01-27
P001576,S00177,U0047,2025-01-28 02:00:00,9.99,USD,google_pay,success,2025-01-28,2025-02-26
P001577,S00177,U0047,2025-02-27 14:00:00,9.99,USD,google_pay,success,2025-02-27,2025-03-28
P001578,S00177,U0047,2025-03-29 12:00:00,9.99,USD,google_pay,success,2025-03-29,2025-04-27
P001579,S00177,U0047,2025-04-28 09:00:00,9.99,USD,google_pay,success,2025-04-28,2025-05-27
P001580,S00177,U0047,2025-05-28 02:00:00,9.99,USD,google_pay,failed,2025-05-28,2025-06-26
P001581,S00177,U0047,2025-06-27 08:00:00,9.99,USD,google_pay,success,2025-06-27,2025-07-26
P001582,S00177,U0047,2025-07-27 04:00:00,9.99,USD,google_pay,success,2025-07-27,2025-08-25
P001583,S00180,U0003,2024-02-12 06:00:00,9.99,USD,bank_transfer,success,2024-02-12,2024-03-12
P001584,S00180,U0003,2024-03-13 20:00:00,9.99,USD,bank_transfer,success,2024-03-13,2024-04-11
P001585,S00180,U0003,2024-04-12 13:00:00,9.99,USD,bank_transfer,success,2024-04-12,2024-05-11
P001586,S00182,U0106,2024-02-19 17:00:00,9.99,USD,apple_pay,refunded,2024-02-19,2024-03-19
P001587,S00182,U0106,2024-03-20 15:00:00,9.99,USD,apple_pay,failed,2024-03-20,2024-04-18
P001588,S00182,U0106,2024-04-19 14:00:00,9.99,USD,apple_pay,success,2024-04-19,2024-05-18
P001589,S00182,U0106,2024-05-19 00:00:00,9.99,USD,apple_pay,success,2024-05-19,2024-06-17
P001590,S00182,U0106,2024-06-18 02:00:00,9.99,USD,apple_pay,success,2024-06-18,2024-07-17
P001591,S00182,U0106,2024-07-18 07:00:00,9.99,USD,apple_pay,success,2024-07-18,2024-08-16
P001592,S00182,U0106,2024-08-17 16:00:00,9.99,USD,apple_pay,success,2024-08-17,2024-09-15
P001593,S00182,U0106,2024-09-16 13:00:00,9.99,USD,apple_pay,success,2024-09-16,2024-10-15
P001594,S00182,U0106,2024-10-16 20:00:00,9.99,USD,apple_pay,success,2024-10-16,2024-11-14
P001595,S00182,U0106,2024-11-15 10:00:00,9.99,USD,apple_pay,success,2024-11-15,2024-12-14
P001596,S00182,U0106,2024-12-15 21:00:00,9.99,USD,apple_pay,success,2024-12-15,2025-01-13
P001597,S00182,U0106,2025-01-14 17:00:00,9.99,USD,apple_pay,success,2025-01-14,2025-02-12
P001598,S00183,U0123,2024-01-09 09:00:00,19.99,USD,credit_card,success,2024-01-09,2024-02-07
P001599,S00183,U0123,2024-02-08 09:00:00,19.99,USD,credit_card,success,2024-02-08,2024-03-08
P001600,S00183,U0123,2024-03-09 08:00:00,19.99,USD,credit_card,success,2024-03-09,2024-04-07
P001601,S00183,U0123,2024-04-08 11:00:00,19.99,USD,credit_card,success,2024-04-08,2024-05-07
P001602,S00183,U0123,2024-05-08 01:00:00,19.99,USD,credit_card,refunded,2024-05-08,2024-06-06
P001603,S00183,U0123,2024-06-07 09:00:00,19.99,USD,credit_card,success,2024-06-07,2024-07-06
P001604,S00185,U0044,2023-11-12 05:00:00,19.99,USD,credit_card,success,2023-11-12,2023-12-11
P001605,S00185,U0044,2023-12-12 05:00:00,19.99,USD,credit_card,success,2023-12-12,2024-01-10
P001606,S00185,U0044,2024-01-11 09:00:00,19.99,USD,credit_card,success,2024-01-11,2024-02-09
P001607,S00186,U0153,2024-10-20 05:00:00,19.99,USD,paypal,success,2024-10-20,2024-11-18
P001608,S00186,U0153,2024-11-19 22:00:00,19.99,USD,paypal,success,2024-11-19,2024-12-18
P001609,S00188,U0105,2024-08-16 04:00:00,19.99,USD,bank_transfer,failed,2024-08-16,2024-09-14
P001610,S00188,U0105,2024-09-15 03:00:00,19.99,USD,bank_transfer,success,2024-09-15,2024-10-14
P001611,S00188,U0105,2024-10-15 10:00:00,19.99,USD,bank_transfer,success,2024-10-15,2024-11-13
P001612,S00188,U0105,2024-11-14 14:00:00,19.99,USD,bank_transfer,success,2024-11-14,2024-12-13
P001613,S00188,U0105,2024-12-14 05:00:00,19.99,USD,bank_transfer,success,2024-12-14,2025-01-12
P001614,S00188,U0105,2025-01-13 22:00:00,19.99,USD,bank_transfer,success,2025-01-13,2025-02-11
P001615,S00188,U0105,2025-02-12 10:00:00,19.99,USD,bank_transfer,success,2025-02-12,2025-03-13
P001616,S00188,U0105,2025-03-14 04:00:00,19.99,USD,bank_transfer,refunded,2025-03-14,2025-04-12
P001617,S00188,U0105,2025-04-13 17:00:00,19.99,USD,bank_transfer,success,2025-04-13,2025-05-12
P001618,S00188,U0105,2025-05-13 17:00:00,19.99,USD,bank_transfer,refunded,2025-05-13,2025-06-11
P001619,S00188,U0105,2025-06-12 00:00:00,19.99,USD,bank_transfer,success,2025-06-12,2025-07-11
P001620,S00188,U0105,2025-07-12 15:00:00,19.99,USD,bank_transfer,success,2025-07-12,2025-08-10
P001621,S00188,U0105,2025-08-11 14:00:00,19.99,USD,bank_transfer,success,2025-08-11,2025-09-09
P001622,S00188,U0105,2025-09-10 04:00:00,19.99,USD,bank_transfer,failed,2025-09-10,2025-10-09
P001623,S00188,U0105,2025-10-10 23:00:00,19.99,USD,bank_transfer,success,2025-10-10,2025-11-08
P001624,S00188,U0105,2025-11-09 16:00:00,19.99,USD,bank_transfer,success,2025-11-09,2025-12-08
P001625,S00188,U0105,2025-12-09 22:00:00,19.99,USD,bank_transfer,success,2025-12-09,2026-01-07
P001626,S00188,U0105,2026-01-08 09:00:00,19.99,USD,bank_transfer,success,2026-01-08,2026-02-06
P001627,S00188,U0105,2026-02-07 18:00:00,19.99,USD,bank_transfer,refunded,2026-02-07,2026-03-08
P001628,S00188,U0105,2026-03-09 18:00:00,19.99,USD,bank_transfer,success,2026-03-09,2026-04-07
P001629,S00188,U0105,2026-04-08 14:00:00,19.99,USD,bank_transfer,success,2026-04-08,2026-05-07
P001630,S00188,U0105,2026-05-08 03:00:00,19.99,USD,bank_transfer,success,2026-05-08,2026-06-06
P001631,S00188,U0105,2026-06-07 01:00:00,19.99,USD,bank_transfer,success,2026-06-07,2026-07-06
P001632,S00191,U0076,2024-12-10 17:00:00,19.99,USD,apple_pay,success,2024-12-10,2025-01-08
P001633,S00191,U0076,2025-01-09 00:00:00,19.99,USD,apple_pay,success,2025-01-09,2025-02-07
P001634,S00191,U0076,2025-02-08 07:00:00,19.99,USD,apple_pay,success,2025-02-08,2025-03-09
P001635,S00191,U0076,2025-03-10 02:00:00,19.99,USD,apple_pay,success,2025-03-10,2025-04-08
P001636,S00191,U0076,2025-04-09 19:00:00,19.99,USD,apple_pay,success,2025-04-09,2025-05-08
P001637,S00191,U0076,2025-05-09 18:00:00,19.99,USD,apple_pay,success,2025-05-09,2025-06-07
P001638,S00191,U0076,2025-06-08 08:00:00,19.99,USD,apple_pay,success,2025-06-08,2025-07-07
P001639,S00191,U0076,2025-07-08 02:00:00,19.99,USD,apple_pay,success,2025-07-08,2025-08-06
P001640,S00191,U0076,2025-08-07 14:00:00,19.99,USD,apple_pay,success,2025-08-07,2025-09-05
P001641,S00191,U0076,2025-09-06 02:00:00,19.99,USD,apple_pay,success,2025-09-06,2025-10-05
P001642,S00191,U0076,2025-10-06 12:00:00,19.99,USD,apple_pay,refunded,2025-10-06,2025-11-04
P001643,S00191,U0076,2025-11-05 10:00:00,19.99,USD,apple_pay,success,2025-11-05,2025-12-04
P001644,S00191,U0076,2025-12-05 16:00:00,19.99,USD,apple_pay,success,2025-12-05,2026-01-03
P001645,S00191,U0076,2026-01-04 21:00:00,19.99,USD,apple_pay,failed,2026-01-04,2026-02-02
P001646,S00191,U0076,2026-02-03 04:00:00,19.99,USD,apple_pay,success,2026-02-03,2026-03-04
P001647,S00191,U0076,2026-03-05 13:00:00,19.99,USD,apple_pay,success,2026-03-05,2026-04-03
P001648,S00191,U0076,2026-04-04 11:00:00,19.99,USD,apple_pay,success,2026-04-04,2026-05-03
P001649,S00191,U0076,2026-05-04 11:00:00,19.99,USD,apple_pay,success,2026-05-04,2026-06-02
P001650,S00191,U0076,2026-06-03 14:00:00,19.99,USD,apple_pay,success,2026-06-03,2026-07-02
P001651,S00191,U0076,2026-07-03 02:00:00,19.99,USD,apple_pay,success,2026-07-03,2026-08-01
P001652,S00191,U0076,2026-08-02 14:00:00,19.99,USD,apple_pay,success,2026-08-02,2026-08-31
P001653,S00193,U0021,2024-11-14 13:00:00,9.99,USD,apple_pay,success,2024-11-14,2024-12-13
P001654,S00193,U0021,2024-12-14 09:00:00,9.99,USD,apple_pay,success,2024-12-14,2025-01-12
P001655,S00193,U0021,2025-01-13 23:00:00,9.99,USD,apple_pay,success,2025-01-13,2025-02-11
P001656,S00193,U0021,2025-02-12 13:00:00,9.99,USD,apple_pay,refunded,2025-02-12,2025-03-13
P001657,S00193,U0021,2025-03-14 13:00:00,9.99,USD,apple_pay,success,2025-03-14,2025-04-12
P001658,S00193,U0021,2025-04-13 18:00:00,9.99,USD,apple_pay,success,2025-04-13,2025-05-12
P001659,S00193,U0021,2025-05-13 04:00:00,9.99,USD,apple_pay,success,2025-05-13,2025-06-11
P001660,S00193,U0021,2025-06-12 15:00:00,9.99,USD,apple_pay,success,2025-06-12,2025-07-11
P001661,S00193,U0021,2025-07-12 16:00:00,9.99,USD,apple_pay,refunded,2025-07-12,2025-08-10
P001662,S00193,U0021,2025-08-11 02:00:00,9.99,USD,apple_pay,refunded,2025-08-11,2025-09-09
P001663,S00193,U0021,2025-09-10 18:00:00,9.99,USD,apple_pay,failed,2025-09-10,2025-10-09
P001664,S00194,U0126,2022-09-08 02:00:00,19.99,USD,apple_pay,success,2022-09-08,2022-10-07
P001665,S00194,U0126,2022-10-08 20:00:00,19.99,USD,apple_pay,success,2022-10-08,2022-11-06
P001666,S00194,U0126,2022-11-07 13:00:00,19.99,USD,apple_pay,failed,2022-11-07,2022-12-06
P001667,S00194,U0126,2022-12-07 14:00:00,19.99,USD,apple_pay,success,2022-12-07,2023-01-05
P001668,S00195,U0095,2022-12-09 04:00:00,19.99,USD,credit_card,success,2022-12-09,2023-01-07
P001669,S00195,U0095,2023-01-08 12:00:00,19.99,USD,credit_card,success,2023-01-08,2023-02-06
P001670,S00195,U0095,2023-02-07 15:00:00,19.99,USD,credit_card,success,2023-02-07,2023-03-08
P001671,S00195,U0095,2023-03-09 09:00:00,19.99,USD,credit_card,success,2023-03-09,2023-04-07
P001672,S00195,U0095,2023-04-08 09:00:00,19.99,USD,credit_card,success,2023-04-08,2023-05-07
P001673,S00195,U0095,2023-05-08 23:00:00,19.99,USD,credit_card,success,2023-05-08,2023-06-06
P001674,S00195,U0095,2023-06-07 00:00:00,19.99,USD,credit_card,success,2023-06-07,2023-07-06
P001675,S00196,U0113,2021-08-15 04:00:00,9.99,USD,credit_card,success,2021-08-15,2021-09-13
P001676,S00196,U0113,2021-09-14 20:00:00,9.99,USD,credit_card,success,2021-09-14,2021-10-13
P001677,S00196,U0113,2021-10-14 15:00:00,9.99,USD,credit_card,success,2021-10-14,2021-11-12
P001678,S00196,U0113,2021-11-13 21:00:00,9.99,USD,credit_card,success,2021-11-13,2021-12-12
P001679,S00196,U0113,2021-12-13 13:00:00,9.99,USD,credit_card,success,2021-12-13,2022-01-11
P001680,S00196,U0113,2022-01-12 22:00:00,9.99,USD,credit_card,success,2022-01-12,2022-02-10
P001681,S00196,U0113,2022-02-11 00:00:00,9.99,USD,credit_card,success,2022-02-11,2022-03-12
P001682,S00196,U0113,2022-03-13 08:00:00,9.99,USD,credit_card,success,2022-03-13,2022-04-11
P001683,S00196,U0113,2022-04-12 02:00:00,9.99,USD,credit_card,success,2022-04-12,2022-05-11
P001684,S00196,U0113,2022-05-12 11:00:00,9.99,USD,credit_card,success,2022-05-12,2022-06-10
P001685,S00197,U0193,2021-11-14 18:00:00,19.99,USD,google_pay,success,2021-11-14,2021-12-13
P001686,S00197,U0193,2021-12-14 08:00:00,19.99,USD,google_pay,success,2021-12-14,2022-01-12
P001687,S00197,U0193,2022-01-13 15:00:00,19.99,USD,google_pay,success,2022-01-13,2022-02-11
P001688,S00198,U0194,2023-06-11 03:00:00,9.99,USD,google_pay,refunded,2023-06-11,2023-07-10
P001689,S00198,U0194,2023-07-11 23:00:00,9.99,USD,google_pay,success,2023-07-11,2023-08-09
P001690,S00198,U0194,2023-08-10 08:00:00,9.99,USD,google_pay,success,2023-08-10,2023-09-08
P001691,S00199,U0138,2024-01-15 01:00:00,19.99,USD,paypal,success,2024-01-15,2024-02-13
P001692,S00199,U0138,2024-02-14 14:00:00,19.99,USD,paypal,success,2024-02-14,2024-03-14
P001693,S00199,U0138,2024-03-15 04:00:00,19.99,USD,paypal,success,2024-03-15,2024-04-13
P001694,S00199,U0138,2024-04-14 01:00:00,19.99,USD,paypal,success,2024-04-14,2024-05-13
P001695,S00199,U0138,2024-05-14 13:00:00,19.99,USD,paypal,success,2024-05-14,2024-06-12
P001696,S00199,U0138,2024-06-13 11:00:00,19.99,USD,paypal,success,2024-06-13,2024-07-12
P001697,S00199,U0138,2024-07-13 09:00:00,19.99,USD,paypal,success,2024-07-13,2024-08-11
P001698,S00199,U0138,2024-08-12 02:00:00,19.99,USD,paypal,success,2024-08-12,2024-09-10
P001699,S00199,U0138,2024-09-11 20:00:00,19.99,USD,paypal,success,2024-09-11,2024-10-10
P001700,S00199,U0138,2024-10-11 03:00:00,19.99,USD,paypal,success,2024-10-11,2024-11-09
P001701,S00199,U0138,2024-11-10 05:00:00,19.99,USD,paypal,success,2024-11-10,2024-12-09
P001702,S00199,U0138,2024-12-10 10:00:00,19.99,USD,paypal,success,2024-12-10,2025-01-08
P001703,S00199,U0138,2025-01-09 21:00:00,19.99,USD,paypal,success,2025-01-09,2025-02-07
P001704,S00199,U0138,2025-02-08 08:00:00,19.99,USD,paypal,success,2025-02-08,2025-03-09
P001705,S00199,U0138,2025-03-10 22:00:00,19.99,USD,paypal,success,2025-03-10,2025-04-08
P001706,S00199,U0138,2025-04-09 17:00:00,19.99,USD,paypal,success,2025-04-09,2025-05-08
P001707,S00199,U0138,2025-05-09 04:00:00,19.99,USD,paypal,success,2025-05-09,2025-06-07
P001708,S00199,U0138,2025-06-08 16:00:00,19.99,USD,paypal,success,2025-06-08,2025-07-07
P001709,S00199,U0138,2025-07-08 15:00:00,19.99,USD,paypal,success,2025-07-08,2025-08-06
P001710,S00199,U0138,2025-08-07 05:00:00,19.99,USD,paypal,success,2025-08-07,2025-09-05
P001711,S00201,U0031,2024-09-24 04:00:00,19.99,USD,paypal,success,2024-09-24,2024-10-23
P001712,S00201,U0031,2024-10-24 06:00:00,19.99,USD,paypal,success,2024-10-24,2024-11-22
P001713,S00201,U0031,2024-11-23 17:00:00,19.99,USD,paypal,success,2024-11-23,2024-12-22
P001714,S00201,U0031,2024-12-23 16:00:00,19.99,USD,paypal,success,2024-12-23,2025-01-21
P001715,S00201,U0031,2025-01-22 22:00:00,19.99,USD,paypal,success,2025-01-22,2025-02-20
P001716,S00201,U0031,2025-02-21 03:00:00,19.99,USD,paypal,success,2025-02-21,2025-03-22
P001717,S00203,U0052,2024-10-14 02:00:00,19.99,USD,bank_transfer,success,2024-10-14,2024-11-12
P001718,S00203,U0052,2024-11-13 04:00:00,19.99,USD,bank_transfer,success,2024-11-13,2024-12-12
P001719,S00203,U0052,2024-12-13 15:00:00,19.99,USD,bank_transfer,failed,2024-12-13,2025-01-11
P001720,S00203,U0052,2025-01-12 22:00:00,19.99,USD,bank_transfer,success,2025-01-12,2025-02-10
P001721,S00203,U0052,2025-02-11 14:00:00,19.99,USD,bank_transfer,success,2025-02-11,2025-03-12
P001722,S00203,U0052,2025-03-13 19:00:00,19.99,USD,bank_transfer,success,2025-03-13,2025-04-11
P001723,S00204,U0187,2021-05-17 10:00:00,19.99,USD,google_pay,success,2021-05-17,2021-06-15
P001724,S00204,U0187,2021-06-16 09:00:00,19.99,USD,google_pay,success,2021-06-16,2021-07-15
P001725,S00204,U0187,2021-07-16 03:00:00,19.99,USD,google_pay,success,2021-07-16,2021-08-14
P001726,S00205,U0142,2024-11-21 22:00:00,9.99,USD,apple_pay,success,2024-11-21,2024-12-20
P001727,S00205,U0142,2024-12-21 07:00:00,9.99,USD,apple_pay,success,2024-12-21,2025-01-19
P001728,S00205,U0142,2025-01-20 06:00:00,9.99,USD,apple_pay,success,2025-01-20,2025-02-18
P001729,S00205,U0142,2025-02-19 02:00:00,9.99,USD,apple_pay,success,2025-02-19,2025-03-20
P001730,S00205,U0142,2025-03-21 03:00:00,9.99,USD,apple_pay,success,2025-03-21,2025-04-19
P001731,S00205,U0142,2025-04-20 15:00:00,9.99,USD,apple_pay,success,2025-04-20,2025-05-19
P001732,S00205,U0142,2025-05-20 01:00:00,9.99,USD,apple_pay,success,2025-05-20,2025-06-18
P001733,S00205,U0142,2025-06-19 01:00:00,9.99,USD,apple_pay,success,2025-06-19,2025-07-18
P001734,S00205,U0142,2025-07-19 16:00:00,9.99,USD,apple_pay,success,2025-07-19,2025-08-17
P001735,S00205,U0142,2025-08-18 15:00:00,9.99,USD,apple_pay,success,2025-08-18,2025-09-16
P001736,S00205,U0142,2025-09-17 08:00:00,9.99,USD,apple_pay,success,2025-09-17,2025-10-16
P001737,S00205,U0142,2025-10-17 09:00:00,9.99,USD,apple_pay,success,2025-10-17,2025-11-15
P001738,S00205,U0142,2025-11-16 03:00:00,9.99,USD,apple_pay,success,2025-11-16,2025-12-15
P001739,S00205,U0142,2025-12-16 19:00:00,9.99,USD,apple_pay,success,2025-12-16,2026-01-14
P001740,S00205,U0142,2026-01-15 06:00:00,9.99,USD,apple_pay,success,2026-01-15,2026-02-13
P001741,S00205,U0142,2026-02-14 11:00:00,9.99,USD,apple_pay,success,2026-02-14,2026-03-15
P001742,S00205,U0142,2026-03-16 04:00:00,9.99,USD,apple_pay,success,2026-03-16,2026-04-14
P001743,S00205,U0142,2026-04-15 08:00:00,9.99,USD,apple_pay,success,2026-04-15,2026-05-14
P001744,S00206,U0180,2024-09-03 11:00:00,9.99,USD,credit_card,failed,2024-09-03,2024-10-02
P001745,S00206,U0180,2024-10-03 16:00:00,9.99,USD,credit_card,success,2024-10-03,2024-11-01
P001746,S00206,U0180,2024-11-02 19:00:00,9.99,USD,credit_card,success,2024-11-02,2024-12-01
P001747,S00206,U0180,2024-12-02 18:00:00,9.99,USD,credit_card,success,2024-12-02,2024-12-31
P001748,S00206,U0180,2025-01-01 18:00:00,9.99,USD,credit_card,success,2025-01-01,2025-01-30
P001749,S00206,U0180,2025-01-31 16:00:00,9.99,USD,credit_card,success,2025-01-31,2025-03-01
P001750,S00206,U0180,2025-03-02 06:00:00,9.99,USD,credit_card,success,2025-03-02,2025-03-31
P001751,S00206,U0180,2025-04-01 05:00:00,9.99,USD,credit_card,refunded,2025-04-01,2025-04-30
P001752,S00206,U0180,2025-05-01 17:00:00,9.99,USD,credit_card,failed,2025-05-01,2025-05-30
P001753,S00206,U0180,2025-05-31 23:00:00,9.99,USD,credit_card,success,2025-05-31,2025-06-29
P001754,S00206,U0180,2025-06-30 06:00:00,9.99,USD,credit_card,success,2025-06-30,2025-07-29
P001755,S00206,U0180,2025-07-30 22:00:00,9.99,USD,credit_card,failed,2025-07-30,2025-08-28
P001756,S00206,U0180,2025-08-29 22:00:00,9.99,USD,credit_card,success,2025-08-29,2025-09-27
P001757,S00206,U0180,2025-09-28 14:00:00,9.99,USD,credit_card,success,2025-09-28,2025-10-27
P001758,S00206,U0180,2025-10-28 03:00:00,9.99,USD,credit_card,success,2025-10-28,2025-11-26
P001759,S00208,U0028,2024-04-29 11:00:00,9.99,USD,bank_transfer,success,2024-04-29,2024-05-28
P001760,S00208,U0028,2024-05-29 13:00:00,9.99,USD,bank_transfer,refunded,2024-05-29,2024-06-27
P001761,S00208,U0028,2024-06-28 07:00:00,9.99,USD,bank_transfer,success,2024-06-28,2024-07-27
P001762,S00208,U0028,2024-07-28 10:00:00,9.99,USD,bank_transfer,success,2024-07-28,2024-08-26
P001763,S00208,U0028,2024-08-27 03:00:00,9.99,USD,bank_transfer,success,2024-08-27,2024-09-25
P001764,S00208,U0028,2024-09-26 15:00:00,9.99,USD,bank_transfer,success,2024-09-26,2024-10-25
P001765,S00208,U0028,2024-10-26 22:00:00,9.99,USD,bank_transfer,success,2024-10-26,2024-11-24
P001766,S00208,U0028,2024-11-25 23:00:00,9.99,USD,bank_transfer,success,2024-11-25,2024-12-24
P001767,S00208,U0028,2024-12-25 10:00:00,9.99,USD,bank_transfer,success,2024-12-25,2025-01-23
P001768,S00208,U0028,2025-01-24 12:00:00,9.99,USD,bank_transfer,success,2025-01-24,2025-02-22
P001769,S00209,U0068,2023-02-10 19:00:00,9.99,USD,apple_pay,success,2023-02-10,2023-03-11
P001770,S00209,U0068,2023-03-12 21:00:00,9.99,USD,apple_pay,success,2023-03-12,2023-04-10
P001771,S00209,U0068,2023-04-11 14:00:00,9.99,USD,apple_pay,refunded,2023-04-11,2023-05-10
P001772,S00209,U0068,2023-05-11 13:00:00,9.99,USD,apple_pay,success,2023-05-11,2023-06-09
P001773,S00209,U0068,2023-06-10 13:00:00,9.99,USD,apple_pay,success,2023-06-10,2023-07-09
P001774,S00209,U0068,2023-07-10 02:00:00,9.99,USD,apple_pay,success,2023-07-10,2023-08-08
P001775,S00209,U0068,2023-08-09 15:00:00,9.99,USD,apple_pay,success,2023-08-09,2023-09-07
P001776,S00209,U0068,2023-09-08 11:00:00,9.99,USD,apple_pay,failed,2023-09-08,2023-10-07
P001777,S00209,U0068,2023-10-08 21:00:00,9.99,USD,apple_pay,success,2023-10-08,2023-11-06
P001778,S00209,U0068,2023-11-07 03:00:00,9.99,USD,apple_pay,success,2023-11-07,2023-12-06
P001779,S00209,U0068,2023-12-07 16:00:00,9.99,USD,apple_pay,success,2023-12-07,2024-01-05
P001780,S00209,U0068,2024-01-06 02:00:00,9.99,USD,apple_pay,success,2024-01-06,2024-02-04
P001781,S00209,U0068,2024-02-05 12:00:00,9.99,USD,apple_pay,success,2024-02-05,2024-03-05
P001782,S00209,U0068,2024-03-06 18:00:00,9.99,USD,apple_pay,success,2024-03-06,2024-04-04
P001783,S00209,U0068,2024-04-05 23:00:00,9.99,USD,apple_pay,refunded,2024-04-05,2024-05-04
P001784,S00209,U0068,2024-05-05 05:00:00,9.99,USD,apple_pay,failed,2024-05-05,2024-06-03
P001785,S00209,U0068,2024-06-04 06:00:00,9.99,USD,apple_pay,success,2024-06-04,2024-07-03
P001786,S00209,U0068,2024-07-04 19:00:00,9.99,USD,apple_pay,success,2024-07-04,2024-08-02
P001787,S00209,U0068,2024-08-03 12:00:00,9.99,USD,apple_pay,success,2024-08-03,2024-09-01
P001788,S00209,U0068,2024-09-02 13:00:00,9.99,USD,apple_pay,success,2024-09-02,2024-10-01
P001789,S00210,U0045,2021-05-08 08:00:00,9.99,USD,apple_pay,success,2021-05-08,2021-06-06
P001790,S00210,U0045,2021-06-07 18:00:00,9.99,USD,apple_pay,success,2021-06-07,2021-07-06
P001791,S00210,U0045,2021-07-07 20:00:00,9.99,USD,apple_pay,success,2021-07-07,2021-08-05
P001792,S00210,U0045,2021-08-06 11:00:00,9.99,USD,apple_pay,failed,2021-08-06,2021-09-04
P001793,S00210,U0045,2021-09-05 19:00:00,9.99,USD,apple_pay,success,2021-09-05,2021-10-04
P001794,S00210,U0045,2021-10-05 15:00:00,9.99,USD,apple_pay,failed,2021-10-05,2021-11-03
P001795,S00210,U0045,2021-11-04 04:00:00,9.99,USD,apple_pay,success,2021-11-04,2021-12-03
P001796,S00210,U0045,2021-12-04 03:00:00,9.99,USD,apple_pay,success,2021-12-04,2022-01-02
P001797,S00210,U0045,2022-01-03 15:00:00,9.99,USD,apple_pay,success,2022-01-03,2022-02-01
P001798,S00210,U0045,2022-02-02 20:00:00,9.99,USD,apple_pay,success,2022-02-02,2022-03-03
P001799,S00210,U0045,2022-03-04 00:00:00,9.99,USD,apple_pay,failed,2022-03-04,2022-04-02
P001800,S00210,U0045,2022-04-03 01:00:00,9.99,USD,apple_pay,success,2022-04-03,2022-05-02
P001801,S00210,U0045,2022-05-03 15:00:00,9.99,USD,apple_pay,success,2022-05-03,2022-06-01
P001802,S00210,U0045,2022-06-02 05:00:00,9.99,USD,apple_pay,success,2022-06-02,2022-07-01
P001803,S00210,U0045,2022-07-02 21:00:00,9.99,USD,apple_pay,success,2022-07-02,2022-07-31
P001804,S00210,U0045,2022-08-01 09:00:00,9.99,USD,apple_pay,success,2022-08-01,2022-08-30
P001805,S00210,U0045,2022-08-31 03:00:00,9.99,USD,apple_pay,success,2022-08-31,2022-09-29
P001806,S00210,U0045,2022-09-30 21:00:00,9.99,USD,apple_pay,success,2022-09-30,2022-10-29
P001807,S00210,U0045,2022-10-30 15:00:00,9.99,USD,apple_pay,success,2022-10-30,2022-11-28
P001808,S00210,U0045,2022-11-29 06:00:00,9.99,USD,apple_pay,success,2022-11-29,2022-12-28
P001809,S00210,U0045,2022-12-29 15:00:00,9.99,USD,apple_pay,success,2022-12-29,2023-01-27
P001810,S00210,U0045,2023-01-28 08:00:00,9.99,USD,apple_pay,success,2023-01-28,2023-02-26
P001811,S00211,U0102,2024-12-26 17:00:00,19.99,USD,credit_card,success,2024-12-26,2025-01-24
P001812,S00211,U0102,2025-01-25 01:00:00,19.99,USD,credit_card,success,2025-01-25,2025-02-23
P001813,S00211,U0102,2025-02-24 03:00:00,19.99,USD,credit_card,refunded,2025-02-24,2025-03-25
P001814,S00211,U0102,2025-03-26 10:00:00,19.99,USD,credit_card,success,2025-03-26,2025-04-24
P001815,S00211,U0102,2025-04-25 14:00:00,19.99,USD,credit_card,success,2025-04-25,2025-05-24
P001816,S00211,U0102,2025-05-25 01:00:00,19.99,USD,credit_card,success,2025-05-25,2025-06-23
P001817,S00211,U0102,2025-06-24 21:00:00,19.99,USD,credit_card,success,2025-06-24,2025-07-23
P001818,S00211,U0102,2025-07-24 09:00:00,19.99,USD,credit_card,success,2025-07-24,2025-08-22
P001819,S00211,U0102,2025-08-23 05:00:00,19.99,USD,credit_card,success,2025-08-23,2025-09-21
P001820,S00212,U0069,2022-03-22 04:00:00,19.99,USD,bank_transfer,success,2022-03-22,2022-04-20
P001821,S00212,U0069,2022-04-21 12:00:00,19.99,USD,bank_transfer,success,2022-04-21,2022-05-20
P001822,S00212,U0069,2022-05-21 03:00:00,19.99,USD,bank_transfer,success,2022-05-21,2022-06-19
P001823,S00212,U0069,2022-06-20 15:00:00,19.99,USD,bank_transfer,success,2022-06-20,2022-07-19
P001824,S00212,U0069,2022-07-20 21:00:00,19.99,USD,bank_transfer,success,2022-07-20,2022-08-18
P001825,S00212,U0069,2022-08-19 15:00:00,19.99,USD,bank_transfer,success,2022-08-19,2022-09-17
P001826,S00212,U0069,2022-09-18 05:00:00,19.99,USD,bank_transfer,success,2022-09-18,2022-10-17
P001827,S00212,U0069,2022-10-18 12:00:00,19.99,USD,bank_transfer,success,2022-10-18,2022-11-16
P001828,S00212,U0069,2022-11-17 18:00:00,19.99,USD,bank_transfer,success,2022-11-17,2022-12-16
P001829,S00212,U0069,2022-12-17 19:00:00,19.99,USD,bank_transfer,refunded,2022-12-17,2023-01-15
P001830,S00212,U0069,2023-01-16 09:00:00,19.99,USD,bank_transfer,success,2023-01-16,2023-02-14
P001831,S00212,U0069,2023-02-15 00:00:00,19.99,USD,bank_transfer,success,2023-02-15,2023-03-16
P001832,S00213,U0126,2021-10-02 04:00:00,19.99,USD,bank_transfer,success,2021-10-02,2021-10-31
P001833,S00213,U0126,2021-11-01 11:00:00,19.99,USD,bank_transfer,success,2021-11-01,2021-11-30
P001834,S00213,U0126,2021-12-01 18:00:00,19.99,USD,bank_transfer,success,2021-12-01,2021-12-30
P001835,S00213,U0126,2021-12-31 20:00:00,19.99,USD,bank_transfer,success,2021-12-31,2022-01-29
P001836,S00213,U0126,2022-01-30 03:00:00,19.99,USD,bank_transfer,success,2022-01-30,2022-02-28
P001837,S00213,U0126,2022-03-01 11:00:00,19.99,USD,bank_transfer,success,2022-03-01,2022-03-30
P001838,S00213,U0126,2022-03-31 01:00:00,19.99,USD,bank_transfer,success,2022-03-31,2022-04-29
P001839,S00213,U0126,2022-04-30 07:00:00,19.99,USD,bank_transfer,success,2022-04-30,2022-05-29
P001840,S00214,U0199,2024-12-11 09:00:00,19.99,USD,google_pay,success,2024-12-11,2025-01-09
P001841,S00214,U0199,2025-01-10 22:00:00,19.99,USD,google_pay,success,2025-01-10,2025-02-08
P001842,S00214,U0199,2025-02-09 09:00:00,19.99,USD,google_pay,success,2025-02-09,2025-03-10
P001843,S00214,U0199,2025-03-11 05:00:00,19.99,USD,google_pay,success,2025-03-11,2025-04-09
P001844,S00214,U0199,2025-04-10 10:00:00,19.99,USD,google_pay,success,2025-04-10,2025-05-09
P001845,S00214,U0199,2025-05-10 21:00:00,19.99,USD,google_pay,success,2025-05-10,2025-06-08
P001846,S00214,U0199,2025-06-09 18:00:00,19.99,USD,google_pay,success,2025-06-09,2025-07-08
P001847,S00214,U0199,2025-07-09 13:00:00,19.99,USD,google_pay,success,2025-07-09,2025-08-07
P001848,S00214,U0199,2025-08-08 22:00:00,19.99,USD,google_pay,success,2025-08-08,2025-09-06
P001849,S00214,U0199,2025-09-07 00:00:00,19.99,USD,google_pay,success,2025-09-07,2025-10-06
P001850,S00214,U0199,2025-10-07 12:00:00,19.99,USD,google_pay,refunded,2025-10-07,2025-11-05
P001851,S00214,U0199,2025-11-06 10:00:00,19.99,USD,google_pay,success,2025-11-06,2025-12-05
P001852,S00214,U0199,2025-12-06 15:00:00,19.99,USD,google_pay,success,2025-12-06,2026-01-04
P001853,S00214,U0199,2026-01-05 21:00:00,19.99,USD,google_pay,success,2026-01-05,2026-02-03
P001854,S00214,U0199,2026-02-04 15:00:00,19.99,USD,google_pay,success,2026-02-04,2026-03-05
P001855,S00215,U0049,2022-10-17 21:00:00,9.99,USD,bank_transfer,success,2022-10-17,2022-11-15
P001856,S00215,U0049,2022-11-16 19:00:00,9.99,USD,bank_transfer,success,2022-11-16,2022-12-15
P001857,S00215,U0049,2022-12-16 13:00:00,9.99,USD,bank_transfer,success,2022-12-16,2023-01-14
P001858,S00215,U0049,2023-01-15 20:00:00,9.99,USD,bank_transfer,success,2023-01-15,2023-02-13
P001859,S00215,U0049,2023-02-14 02:00:00,9.99,USD,bank_transfer,success,2023-02-14,2023-03-15
P001860,S00215,U0049,2023-03-16 17:00:00,9.99,USD,bank_transfer,success,2023-03-16,2023-04-14
P001861,S00215,U0049,2023-04-15 08:00:00,9.99,USD,bank_transfer,success,2023-04-15,2023-05-14
P001862,S00215,U0049,2023-05-15 18:00:00,9.99,USD,bank_transfer,success,2023-05-15,2023-06-13
P001863,S00215,U0049,2023-06-14 07:00:00,9.99,USD,bank_transfer,success,2023-06-14,2023-07-13
P001864,S00215,U0049,2023-07-14 02:00:00,9.99,USD,bank_transfer,success,2023-07-14,2023-08-12
P001865,S00215,U0049,2023-08-13 18:00:00,9.99,USD,bank_transfer,success,2023-08-13,2023-09-11
P001866,S00215,U0049,2023-09-12 10:00:00,9.99,USD,bank_transfer,success,2023-09-12,2023-10-11
P001867,S00215,U0049,2023-10-12 18:00:00,9.99,USD,bank_transfer,success,2023-10-12,2023-11-10
P001868,S00215,U0049,2023-11-11 15:00:00,9.99,USD,bank_transfer,success,2023-11-11,2023-12-10
P001869,S00215,U0049,2023-12-11 11:00:00,9.99,USD,bank_transfer,success,2023-12-11,2024-01-09
P001870,S00215,U0049,2024-01-10 20:00:00,9.99,USD,bank_transfer,success,2024-01-10,2024-02-08
P001871,S00215,U0049,2024-02-09 16:00:00,9.99,USD,bank_transfer,success,2024-02-09,2024-03-09
P001872,S00216,U0132,2022-10-18 13:00:00,19.99,USD,apple_pay,success,2022-10-18,2022-11-16
P001873,S00216,U0132,2022-11-17 10:00:00,19.99,USD,apple_pay,success,2022-11-17,2022-12-16
P001874,S00216,U0132,2022-12-17 12:00:00,19.99,USD,apple_pay,success,2022-12-17,2023-01-15
P001875,S00216,U0132,2023-01-16 16:00:00,19.99,USD,apple_pay,success,2023-01-16,2023-02-14
P001876,S00216,U0132,2023-02-15 17:00:00,19.99,USD,apple_pay,success,2023-02-15,2023-03-16
P001877,S00216,U0132,2023-03-17 00:00:00,19.99,USD,apple_pay,success,2023-03-17,2023-04-15
P001878,S00216,U0132,2023-04-16 16:00:00,19.99,USD,apple_pay,success,2023-04-16,2023-05-15
P001879,S00216,U0132,2023-05-16 18:00:00,19.99,USD,apple_pay,success,2023-05-16,2023-06-14
P001880,S00216,U0132,2023-06-15 21:00:00,19.99,USD,apple_pay,success,2023-06-15,2023-07-14
P001881,S00216,U0132,2023-07-15 23:00:00,19.99,USD,apple_pay,refunded,2023-07-15,2023-08-13
P001882,S00216,U0132,2023-08-14 08:00:00,19.99,USD,apple_pay,failed,2023-08-14,2023-09-12
P001883,S00217,U0200,2024-12-25 17:00:00,19.99,USD,paypal,failed,2024-12-25,2025-01-23
P001884,S00218,U0015,2024-10-08 13:00:00,9.99,USD,paypal,success,2024-10-08,2024-11-06
P001885,S00218,U0015,2024-11-07 23:00:00,9.99,USD,paypal,failed,2024-11-07,2024-12-06
P001886,S00219,U0095,2023-09-13 16:00:00,19.99,USD,credit_card,success,2023-09-13,2023-10-12
P001887,S00219,U0095,2023-10-13 14:00:00,19.99,USD,credit_card,success,2023-10-13,2023-11-11
P001888,S00219,U0095,2023-11-12 04:00:00,19.99,USD,credit_card,success,2023-11-12,2023-12-11
P001889,S00219,U0095,2023-12-12 09:00:00,19.99,USD,credit_card,success,2023-12-12,2024-01-10
P001890,S00219,U0095,2024-01-11 13:00:00,19.99,USD,credit_card,success,2024-01-11,2024-02-09
P001891,S00219,U0095,2024-02-10 02:00:00,19.99,USD,credit_card,success,2024-02-10,2024-03-10
P001892,S00219,U0095,2024-03-11 13:00:00,19.99,USD,credit_card,success,2024-03-11,2024-04-09
P001893,S00219,U0095,2024-04-10 09:00:00,19.99,USD,credit_card,success,2024-04-10,2024-05-09
P001894,S00219,U0095,2024-05-10 08:00:00,19.99,USD,credit_card,success,2024-05-10,2024-06-08
P001895,S00219,U0095,2024-06-09 07:00:00,19.99,USD,credit_card,success,2024-06-09,2024-07-08
P001896,S00219,U0095,2024-07-09 03:00:00,19.99,USD,credit_card,success,2024-07-09,2024-08-07
P001897,S00219,U0095,2024-08-08 00:00:00,19.99,USD,credit_card,success,2024-08-08,2024-09-06
P001898,S00219,U0095,2024-09-07 09:00:00,19.99,USD,credit_card,success,2024-09-07,2024-10-06
P001899,S00219,U0095,2024-10-07 17:00:00,19.99,USD,credit_card,success,2024-10-07,2024-11-05
P001900,S00220,U0096,2024-08-06 13:00:00,9.99,USD,google_pay,refunded,2024-08-06,2024-09-04
P001901,S00220,U0096,2024-09-05 01:00:00,9.99,USD,google_pay,success,2024-09-05,2024-10-04
P001902,S00220,U0096,2024-10-05 08:00:00,9.99,USD,google_pay,success,2024-10-05,2024-11-03
P001903,S00220,U0096,2024-11-04 08:00:00,9.99,USD,google_pay,success,2024-11-04,2024-12-03
P001904,S00220,U0096,2024-12-04 08:00:00,9.99,USD,google_pay,success,2024-12-04,2025-01-02
P001905,S00220,U0096,2025-01-03 05:00:00,9.99,USD,google_pay,success,2025-01-03,2025-02-01
P001906,S00220,U0096,2025-02-02 01:00:00,9.99,USD,google_pay,success,2025-02-02,2025-03-03
